# WordPress MySQL database migration
#
# Generated: Friday 7. February 2014 17:45 UTC
# Hostname: localhost
# Database: `madico`
# --------------------------------------------------------

/*!40101 SET NAMES utf8 */;

SET sql_mode='NO_AUTO_VALUE_ON_ZERO';



#
# Delete any existing table `wp_commentmeta`
#

DROP TABLE IF EXISTS `wp_commentmeta`;


#
# Table structure of table `wp_commentmeta`
#

CREATE TABLE `wp_commentmeta` (
  `meta_id` bigint(20) unsigned NOT NULL AUTO_INCREMENT,
  `comment_id` bigint(20) unsigned NOT NULL DEFAULT '0',
  `meta_key` varchar(255) DEFAULT NULL,
  `meta_value` longtext,
  PRIMARY KEY (`meta_id`),
  KEY `comment_id` (`comment_id`),
  KEY `meta_key` (`meta_key`)
) ENGINE=MyISAM AUTO_INCREMENT=102676 DEFAULT CHARSET=utf8;


#
# Data contents of table `wp_commentmeta`
#
INSERT INTO `wp_commentmeta` ( `meta_id`, `comment_id`, `meta_key`, `meta_value`) VALUES
(83470, 31243, 'akismet_result', 'false'),
(83471, 31243, 'akismet_history', 'a:4:{s:4:"time";d:1378843550.6891620159149169921875;s:7:"message";s:28:"Akismet cleared this comment";s:5:"event";s:9:"check-ham";s:4:"user";s:0:"";}'),
(83590, 31285, 'akismet_result', 'false'),
(83591, 31285, 'akismet_history', 'a:4:{s:4:"time";d:1378990587.8428390026092529296875;s:7:"message";s:28:"Akismet cleared this comment";s:5:"event";s:9:"check-ham";s:4:"user";s:0:"";}'),
(84217, 31515, 'akismet_result', 'false'),
(84218, 31515, 'akismet_history', 'a:4:{s:4:"time";d:1379642528.7644169330596923828125;s:7:"message";s:28:"Akismet cleared this comment";s:5:"event";s:9:"check-ham";s:4:"user";s:0:"";}'),
(85192, 31840, 'akismet_result', 'false'),
(85193, 31840, 'akismet_history', 'a:4:{s:4:"time";d:1380472089.0746738910675048828125;s:7:"message";s:28:"Akismet cleared this comment";s:5:"event";s:9:"check-ham";s:4:"user";s:0:"";}'),
(85441, 31923, 'akismet_result', 'false'),
(85442, 31923, 'akismet_history', 'a:4:{s:4:"time";d:1380734435.9289538860321044921875;s:7:"message";s:28:"Akismet cleared this comment";s:5:"event";s:9:"check-ham";s:4:"user";s:0:"";}'),
(85513, 31947, 'akismet_result', 'false'),
(85514, 31947, 'akismet_history', 'a:4:{s:4:"time";d:1380786288.628285884857177734375;s:7:"message";s:28:"Akismet cleared this comment";s:5:"event";s:9:"check-ham";s:4:"user";s:0:"";}'),
(85579, 31969, 'akismet_result', 'false'),
(85580, 31969, 'akismet_history', 'a:4:{s:4:"time";d:1380845907.2670800685882568359375;s:7:"message";s:28:"Akismet cleared this comment";s:5:"event";s:9:"check-ham";s:4:"user";s:0:"";}'),
(88420, 32922, 'akismet_result', 'false'),
(88421, 32922, 'akismet_history', 'a:4:{s:4:"time";d:1383222965.8420009613037109375;s:7:"message";s:28:"Akismet cleared this comment";s:5:"event";s:9:"check-ham";s:4:"user";s:0:"";}'),
(92861, 34412, 'akismet_result', 'false'),
(92862, 34412, 'akismet_history', 'a:4:{s:4:"time";d:1386170040.52326202392578125;s:7:"message";s:28:"Akismet cleared this comment";s:5:"event";s:9:"check-ham";s:4:"user";s:0:"";}'),
(94712, 35033, 'akismet_result', 'false'),
(94713, 35033, 'akismet_history', 'a:4:{s:4:"time";d:1386520924.6715099811553955078125;s:7:"message";s:28:"Akismet cleared this comment";s:5:"event";s:9:"check-ham";s:4:"user";s:0:"";}'),
(98795, 36404, 'akismet_result', 'false'),
(98796, 36404, 'akismet_history', 'a:4:{s:4:"time";d:1389116924.222610950469970703125;s:7:"message";s:28:"Akismet cleared this comment";s:5:"event";s:9:"check-ham";s:4:"user";s:0:"";}'),
(100431, 35033, 'akismet_history', 'a:4:{s:4:"time";d:1389801808.53536701202392578125;s:7:"message";s:44:"lmessing changed the comment status to trash";s:5:"event";s:12:"status-trash";s:4:"user";s:8:"lmessing";}'),
(100432, 35033, '_wp_trash_meta_status', '0'),
(100433, 35033, '_wp_trash_meta_time', '1389801808'),
(100438, 31969, 'akismet_history', 'a:4:{s:4:"time";d:1389801846.92483806610107421875;s:7:"message";s:44:"lmessing changed the comment status to trash";s:5:"event";s:12:"status-trash";s:4:"user";s:8:"lmessing";}'),
(100439, 31969, '_wp_trash_meta_status', '0'),
(100440, 31969, '_wp_trash_meta_time', '1389801846'),
(100441, 36404, 'akismet_history', 'a:4:{s:4:"time";d:1389802250.7271449565887451171875;s:7:"message";s:44:"lmessing changed the comment status to trash";s:5:"event";s:12:"status-trash";s:4:"user";s:8:"lmessing";}'),
(100442, 36404, '_wp_trash_meta_status', '0'),
(100443, 36404, '_wp_trash_meta_time', '1389802250'),
(100444, 34412, 'akismet_history', 'a:4:{s:4:"time";d:1389802253.25580692291259765625;s:7:"message";s:44:"lmessing changed the comment status to trash";s:5:"event";s:12:"status-trash";s:4:"user";s:8:"lmessing";}'),
(100445, 34412, '_wp_trash_meta_status', '0'),
(100446, 34412, '_wp_trash_meta_time', '1389802253'),
(101500, 37300, 'akismet_result', 'false'),
(101501, 37300, 'akismet_history', 'a:4:{s:4:"time";d:1390651873.1838300228118896484375;s:7:"message";s:28:"Akismet cleared this comment";s:5:"event";s:9:"check-ham";s:4:"user";s:0:"";}'),
(101502, 37300, 'akismet_as_submitted', 'a:57:{s:15:"comment_post_ID";i:7923;s:14:"comment_author";s:14:"Dynamic Shades";s:20:"comment_author_email";s:23:"shane77carter@gmail.com";s:18:"comment_author_url";s:32:"http://www.dynamicshades.com.sg/";s:15:"comment_content";s:122:"<a href="http://www.dynamicshades.com.sg/">dynamic shades</a> provied the best state Window film specialist in your house.";s:12:"comment_type";s:0:"";s:14:"comment_parent";i:0;s:7:"user_ID";i:0;s:7:"user_ip";s:15:"122.177.241.202";s:10:"user_agent";s:140:"Mozilla/5.0 (Windows NT 6.1) AppleWebKit/537.36 (KHTML, like Gecko) Chrome/31.0.1650.63 Safari/537.36 OPR/18.0.1284.68 (Edition Campaign 13)";s:8:"referrer";s:93:"http://www.madico.com/window-films/madico-window-films-to-exhibit-at-asis-international-2013/";s:4:"blog";s:21:"http://www.madico.com";s:9:"blog_lang";s:5:"en_US";s:12:"blog_charset";s:5:"UTF-8";s:9:"permalink";s:93:"http://www.madico.com/window-films/madico-window-films-to-exhibit-at-asis-international-2013/";s:21:"akismet_comment_nonce";s:6:"passed";s:20:"POST_comment_post_ID";s:4:"7923";s:19:"POST_comment_parent";s:1:"0";s:11:"POST_author";s:14:"Dynamic Shades";s:10:"POST_email";s:23:"shane77carter@gmail.com";s:8:"POST_url";s:32:"http://www.dynamicshades.com.sg/";s:12:"POST_comment";s:123:"<a href="http://www.dynamicshades.com.sg/">dynamic shades</a> provied the best state Window film specialist in your house. ";s:11:"POST_submit";s:14:"Submit Comment";s:26:"POST_akismet_comment_nonce";s:10:"183b992ebb";s:25:"POST_icl_comment_language";s:2:"en";s:15:"SERVER_SOFTWARE";s:9:"LiteSpeed";s:11:"REQUEST_URI";s:21:"/wp-comments-post.php";s:11:"HTTP_ACCEPT";s:74:"text/html,application/xhtml+xml,application/xml;q=0.9,image/webp,*/*;q=0.8";s:20:"HTTP_ACCEPT_ENCODING";s:17:"gzip,deflate,sdch";s:20:"HTTP_ACCEPT_LANGUAGE";s:14:"en-US,en;q=0.8";s:15:"HTTP_CONNECTION";s:10:"keep-alive";s:12:"CONTENT_TYPE";s:33:"application/x-www-form-urlencoded";s:14:"CONTENT_LENGTH";s:3:"392";s:11:"HTTP_COOKIE";s:0:"";s:9:"HTTP_HOST";s:14:"www.madico.com";s:12:"HTTP_REFERER";s:93:"http://www.madico.com/window-films/madico-window-films-to-exhibit-at-asis-international-2013/";s:15:"HTTP_USER_AGENT";s:140:"Mozilla/5.0 (Windows NT 6.1) AppleWebKit/537.36 (KHTML, like Gecko) Chrome/31.0.1650.63 Safari/537.36 OPR/18.0.1284.68 (Edition Campaign 13)";s:18:"HTTP_CACHE_CONTROL";s:9:"max-age=0";s:11:"HTTP_ORIGIN";s:21:"http://www.madico.com";s:13:"DOCUMENT_ROOT";s:42:"/home/madico/public_html/madico.com/public";s:11:"REMOTE_ADDR";s:15:"122.177.241.202";s:11:"REMOTE_PORT";s:5:"16021";s:11:"SERVER_ADDR";s:13:"199.204.136.7";s:11:"SERVER_NAME";s:14:"www.madico.com";s:11:"SERVER_PORT";s:2:"80";s:15:"REDIRECT_STATUS";s:3:"200";s:15:"SCRIPT_FILENAME";s:63:"/home/madico/public_html/madico.com/public/wp-comments-post.php";s:12:"QUERY_STRING";s:0:"";s:10:"SCRIPT_URI";s:42:"http://www.madico.com/wp-comments-post.php";s:10:"SCRIPT_URL";s:21:"/wp-comments-post.php";s:11:"SCRIPT_NAME";s:21:"/wp-comments-post.php";s:15:"SERVER_PROTOCOL";s:8:"HTTP/1.1";s:14:"REQUEST_METHOD";s:4:"POST";s:8:"PHP_SELF";s:21:"/wp-comments-post.php";s:4:"PATH";s:13:"/bin:/usr/bin";s:12:"REQUEST_TIME";s:10:"1390651872";s:25:"comment_post_modified_gmt";s:19:"2013-09-11 18:25:01";}'),
(101806, 37402, 'akismet_result', 'false'),
(101807, 37402, 'akismet_history', 'a:4:{s:4:"time";d:1390919647.146862030029296875;s:7:"message";s:28:"Akismet cleared this comment";s:5:"event";s:9:"check-ham";s:4:"user";s:0:"";}'),
(101808, 37402, 'akismet_as_submitted', 'a:57:{s:15:"comment_post_ID";i:8252;s:14:"comment_author";s:4:"Eric";s:20:"comment_author_email";s:17:"evw@usscgroup.com";s:18:"comment_author_url";s:0:"";s:15:"comment_content";s:24:"I need some info on film";s:12:"comment_type";s:0:"";s:14:"comment_parent";i:0;s:7:"user_ID";i:0;s:7:"user_ip";s:13:"98.114.122.36";s:10:"user_agent";s:76:"Mozilla/5.0 (Windows NT 6.1; WOW64; Trident/7.0; MDDRJS; rv:11.0) like Gecko";s:8:"referrer";s:78:"http://www.madico.com/window-films/madico-window-films-returns-from-sema-2013/";s:4:"blog";s:21:"http://www.madico.com";s:9:"blog_lang";s:5:"en_US";s:12:"blog_charset";s:5:"UTF-8";s:9:"permalink";s:78:"http://www.madico.com/window-films/madico-window-films-returns-from-sema-2013/";s:21:"akismet_comment_nonce";s:6:"passed";s:20:"POST_comment_post_ID";s:4:"8252";s:19:"POST_comment_parent";s:1:"0";s:11:"POST_author";s:5:"Eric ";s:10:"POST_email";s:17:"evw@usscgroup.com";s:8:"POST_url";s:0:"";s:12:"POST_comment";s:24:"I need some info on film";s:11:"POST_submit";s:14:"Submit Comment";s:26:"POST_akismet_comment_nonce";s:10:"7b7b49293d";s:25:"POST_icl_comment_language";s:2:"en";s:15:"SERVER_SOFTWARE";s:9:"LiteSpeed";s:11:"REQUEST_URI";s:21:"/wp-comments-post.php";s:11:"HTTP_ACCEPT";s:37:"text/html, application/xhtml+xml, */*";s:20:"HTTP_ACCEPT_ENCODING";s:13:"gzip, deflate";s:20:"HTTP_ACCEPT_LANGUAGE";s:5:"en-US";s:15:"HTTP_CONNECTION";s:10:"Keep-Alive";s:12:"CONTENT_TYPE";s:33:"application/x-www-form-urlencoded";s:14:"CONTENT_LENGTH";s:3:"212";s:11:"HTTP_COOKIE";s:0:"";s:9:"HTTP_HOST";s:14:"www.madico.com";s:12:"HTTP_REFERER";s:78:"http://www.madico.com/window-films/madico-window-films-returns-from-sema-2013/";s:15:"HTTP_USER_AGENT";s:76:"Mozilla/5.0 (Windows NT 6.1; WOW64; Trident/7.0; MDDRJS; rv:11.0) like Gecko";s:18:"HTTP_CACHE_CONTROL";s:8:"no-cache";s:8:"HTTP_DNT";s:1:"1";s:13:"DOCUMENT_ROOT";s:42:"/home/madico/public_html/madico.com/public";s:11:"REMOTE_ADDR";s:13:"98.114.122.36";s:11:"REMOTE_PORT";s:5:"51197";s:11:"SERVER_ADDR";s:13:"199.204.136.7";s:11:"SERVER_NAME";s:14:"www.madico.com";s:11:"SERVER_PORT";s:2:"80";s:15:"REDIRECT_STATUS";s:3:"200";s:15:"SCRIPT_FILENAME";s:63:"/home/madico/public_html/madico.com/public/wp-comments-post.php";s:12:"QUERY_STRING";s:0:"";s:10:"SCRIPT_URI";s:42:"http://www.madico.com/wp-comments-post.php";s:10:"SCRIPT_URL";s:21:"/wp-comments-post.php";s:11:"SCRIPT_NAME";s:21:"/wp-comments-post.php";s:15:"SERVER_PROTOCOL";s:8:"HTTP/1.1";s:14:"REQUEST_METHOD";s:4:"POST";s:8:"PHP_SELF";s:21:"/wp-comments-post.php";s:4:"PATH";s:13:"/bin:/usr/bin";s:12:"REQUEST_TIME";s:10:"1390919646";s:25:"comment_post_modified_gmt";s:19:"2013-11-21 16:56:57";}'),
(101998, 37466, 'akismet_result', 'false'),
(101999, 37466, 'akismet_history', 'a:4:{s:4:"time";d:1391079332.557753086090087890625;s:7:"message";s:28:"Akismet cleared this comment";s:5:"event";s:9:"check-ham";s:4:"user";s:0:"";}'),
(102000, 37466, 'akismet_as_submitted', 'a:55:{s:15:"comment_post_ID";i:7999;s:14:"comment_author";s:13:"sankar ganesh";s:20:"comment_author_email";s:26:"sankarganesh@premier-1.com";s:18:"comment_author_url";s:17:"www.premier-1.com";s:15:"comment_content";s:255:"Dear Sir,\r\n\r\nWe need Winow/Automobile film for our new project.The technical requirement as follows.\r\n\r\nVisible transmission --90%\r\nInfrared reject ---- 97%\r\nThickness -- 2mil/2ply\r\n\r\nRegards,\r\nSankar ganesh.c.p\r\nPremier evolvics p ltd,\r\ncoimbatore\r\nIndia";s:12:"comment_type";s:0:"";s:14:"comment_parent";i:0;s:7:"user_ID";i:0;s:7:"user_ip";s:11:"58.68.82.54";s:10:"user_agent";s:67:"Mozilla/5.0 (Windows NT 6.1; rv:13.0) Gecko/20100101 Firefox/13.0.1";s:8:"referrer";s:78:"http://www.madico.com/window-films/madico-window-films-returns-from-iwfc-2013/";s:4:"blog";s:21:"http://www.madico.com";s:9:"blog_lang";s:5:"en_US";s:12:"blog_charset";s:5:"UTF-8";s:9:"permalink";s:78:"http://www.madico.com/window-films/madico-window-films-returns-from-iwfc-2013/";s:21:"akismet_comment_nonce";s:6:"passed";s:20:"POST_comment_post_ID";s:4:"7999";s:19:"POST_comment_parent";s:1:"0";s:11:"POST_author";s:13:"sankar ganesh";s:10:"POST_email";s:26:"sankarganesh@premier-1.com";s:8:"POST_url";s:17:"www.premier-1.com";s:12:"POST_comment";s:257:"Dear Sir,\r\n\r\nWe need Winow/Automobile film for our new project.The technical requirement as follows.\r\n\r\nVisible transmission --90%\r\nInfrared reject ---- 97%\r\nThickness -- 2mil/2ply\r\n\r\nRegards,\r\nSankar ganesh.c.p\r\nPremier evolvics p ltd,\r\ncoimbatore\r\nIndia\r\n";s:11:"POST_submit";s:14:"Submit Comment";s:26:"POST_akismet_comment_nonce";s:10:"322cf187ca";s:25:"POST_icl_comment_language";s:2:"en";s:15:"SERVER_SOFTWARE";s:9:"LiteSpeed";s:11:"REQUEST_URI";s:21:"/wp-comments-post.php";s:11:"HTTP_ACCEPT";s:63:"text/html,application/xhtml+xml,application/xml;q=0.9,*/*;q=0.8";s:20:"HTTP_ACCEPT_ENCODING";s:13:"gzip, deflate";s:20:"HTTP_ACCEPT_LANGUAGE";s:14:"en-us,en;q=0.5";s:15:"HTTP_CONNECTION";s:10:"keep-alive";s:12:"CONTENT_TYPE";s:33:"application/x-www-form-urlencoded";s:14:"CONTENT_LENGTH";s:3:"547";s:11:"HTTP_COOKIE";s:0:"";s:9:"HTTP_HOST";s:14:"www.madico.com";s:12:"HTTP_REFERER";s:78:"http://www.madico.com/window-films/madico-window-films-returns-from-iwfc-2013/";s:15:"HTTP_USER_AGENT";s:67:"Mozilla/5.0 (Windows NT 6.1; rv:13.0) Gecko/20100101 Firefox/13.0.1";s:13:"DOCUMENT_ROOT";s:42:"/home/madico/public_html/madico.com/public";s:11:"REMOTE_ADDR";s:11:"58.68.82.54";s:11:"REMOTE_PORT";s:5:"63459";s:11:"SERVER_ADDR";s:13:"199.204.136.7";s:11:"SERVER_NAME";s:14:"www.madico.com";s:11:"SERVER_PORT";s:2:"80";s:15:"REDIRECT_STATUS";s:3:"200";s:15:"SCRIPT_FILENAME";s:63:"/home/madico/public_html/madico.com/public/wp-comments-post.php";s:12:"QUERY_STRING";s:0:"";s:10:"SCRIPT_URI";s:42:"http://www.madico.com/wp-comments-post.php";s:10:"SCRIPT_URL";s:21:"/wp-comments-post.php";s:11:"SCRIPT_NAME";s:21:"/wp-comments-post.php";s:15:"SERVER_PROTOCOL";s:8:"HTTP/1.1";s:14:"REQUEST_METHOD";s:4:"POST";s:8:"PHP_SELF";s:21:"/wp-comments-post.php";s:4:"PATH";s:13:"/bin:/usr/bin";s:12:"REQUEST_TIME";s:10:"1391079331";s:25:"comment_post_modified_gmt";s:19:"2013-09-26 18:47:14";}'),
(102001, 37467, 'akismet_result', 'false'),
(102002, 37467, 'akismet_history', 'a:4:{s:4:"time";d:1391079586.4994170665740966796875;s:7:"message";s:28:"Akismet cleared this comment";s:5:"event";s:9:"check-ham";s:4:"user";s:0:"";}'),
(102003, 37467, 'akismet_as_submitted', 'a:55:{s:15:"comment_post_ID";i:7999;s:14:"comment_author";s:13:"sankar ganesh";s:20:"comment_author_email";s:20:"sankar7180@gmail.com";s:18:"comment_author_url";s:24:"http://www.premier-1.com";s:15:"comment_content";s:257:"Dear Sir,\r\n\r\nWe need Winow/Automobile film for our new project.The technical requirement as follows.\r\n\r\nVisible transmission –90%\r\nInfrared reject —- 97%\r\nThickness — 2mil/2ply\r\n\r\nRegards,\r\nSankar ganesh.c.p\r\nPremier evolvics p ltd,\r\ncoimbatore\r\nIndia";s:12:"comment_type";s:0:"";s:14:"comment_parent";i:0;s:7:"user_ID";i:0;s:7:"user_ip";s:11:"58.68.82.54";s:10:"user_agent";s:67:"Mozilla/5.0 (Windows NT 6.1; rv:13.0) Gecko/20100101 Firefox/13.0.1";s:8:"referrer";s:78:"http://www.madico.com/window-films/madico-window-films-returns-from-iwfc-2013/";s:4:"blog";s:21:"http://www.madico.com";s:9:"blog_lang";s:5:"en_US";s:12:"blog_charset";s:5:"UTF-8";s:9:"permalink";s:78:"http://www.madico.com/window-films/madico-window-films-returns-from-iwfc-2013/";s:21:"akismet_comment_nonce";s:6:"passed";s:20:"POST_comment_post_ID";s:4:"7999";s:19:"POST_comment_parent";s:1:"0";s:11:"POST_author";s:13:"sankar ganesh";s:10:"POST_email";s:20:"sankar7180@gmail.com";s:8:"POST_url";s:24:"http://www.premier-1.com";s:12:"POST_comment";s:263:"\r\n\r\nDear Sir,\r\n\r\nWe need Winow/Automobile film for our new project.The technical requirement as follows.\r\n\r\nVisible transmission –90%\r\nInfrared reject —- 97%\r\nThickness — 2mil/2ply\r\n\r\nRegards,\r\nSankar ganesh.c.p\r\nPremier evolvics p ltd,\r\ncoimbatore\r\nIndia\r\n";s:11:"POST_submit";s:14:"Submit Comment";s:26:"POST_akismet_comment_nonce";s:10:"322cf187ca";s:25:"POST_icl_comment_language";s:2:"en";s:15:"SERVER_SOFTWARE";s:9:"LiteSpeed";s:11:"REQUEST_URI";s:21:"/wp-comments-post.php";s:11:"HTTP_ACCEPT";s:63:"text/html,application/xhtml+xml,application/xml;q=0.9,*/*;q=0.8";s:20:"HTTP_ACCEPT_ENCODING";s:13:"gzip, deflate";s:20:"HTTP_ACCEPT_LANGUAGE";s:14:"en-us,en;q=0.5";s:15:"HTTP_CONNECTION";s:10:"keep-alive";s:12:"CONTENT_TYPE";s:33:"application/x-www-form-urlencoded";s:14:"CONTENT_LENGTH";s:3:"586";s:11:"HTTP_COOKIE";s:0:"";s:9:"HTTP_HOST";s:14:"www.madico.com";s:12:"HTTP_REFERER";s:78:"http://www.madico.com/window-films/madico-window-films-returns-from-iwfc-2013/";s:15:"HTTP_USER_AGENT";s:67:"Mozilla/5.0 (Windows NT 6.1; rv:13.0) Gecko/20100101 Firefox/13.0.1";s:13:"DOCUMENT_ROOT";s:42:"/home/madico/public_html/madico.com/public";s:11:"REMOTE_ADDR";s:11:"58.68.82.54";s:11:"REMOTE_PORT";s:5:"63470";s:11:"SERVER_ADDR";s:13:"199.204.136.7";s:11:"SERVER_NAME";s:14:"www.madico.com";s:11:"SERVER_PORT";s:2:"80";s:15:"REDIRECT_STATUS";s:3:"200";s:15:"SCRIPT_FILENAME";s:63:"/home/madico/public_html/madico.com/public/wp-comments-post.php";s:12:"QUERY_STRING";s:0:"";s:10:"SCRIPT_URI";s:42:"http://www.madico.com/wp-comments-post.php";s:10:"SCRIPT_URL";s:21:"/wp-comments-post.php";s:11:"SCRIPT_NAME";s:21:"/wp-comments-post.php";s:15:"SERVER_PROTOCOL";s:8:"HTTP/1.1";s:14:"REQUEST_METHOD";s:4:"POST";s:8:"PHP_SELF";s:21:"/wp-comments-post.php";s:4:"PATH";s:13:"/bin:/usr/bin";s:12:"REQUEST_TIME";s:10:"1391079586";s:25:"comment_post_modified_gmt";s:19:"2013-09-26 18:47:14";}') ;

#
# End of data contents of table `wp_commentmeta`
# --------------------------------------------------------



#
# Delete any existing table `wp_comments`
#

DROP TABLE IF EXISTS `wp_comments`;


#
# Table structure of table `wp_comments`
#

CREATE TABLE `wp_comments` (
  `comment_ID` bigint(20) unsigned NOT NULL AUTO_INCREMENT,
  `comment_post_ID` bigint(20) unsigned NOT NULL DEFAULT '0',
  `comment_author` tinytext NOT NULL,
  `comment_author_email` varchar(100) NOT NULL DEFAULT '',
  `comment_author_url` varchar(200) NOT NULL DEFAULT '',
  `comment_author_IP` varchar(100) NOT NULL DEFAULT '',
  `comment_date` datetime NOT NULL DEFAULT '0000-00-00 00:00:00',
  `comment_date_gmt` datetime NOT NULL DEFAULT '0000-00-00 00:00:00',
  `comment_content` text NOT NULL,
  `comment_karma` int(11) NOT NULL DEFAULT '0',
  `comment_approved` varchar(20) NOT NULL DEFAULT '1',
  `comment_agent` varchar(255) NOT NULL DEFAULT '',
  `comment_type` varchar(20) NOT NULL DEFAULT '',
  `comment_parent` bigint(20) unsigned NOT NULL DEFAULT '0',
  `user_id` bigint(20) unsigned NOT NULL DEFAULT '0',
  PRIMARY KEY (`comment_ID`),
  KEY `comment_post_ID` (`comment_post_ID`),
  KEY `comment_approved_date_gmt` (`comment_approved`,`comment_date_gmt`),
  KEY `comment_date_gmt` (`comment_date_gmt`),
  KEY `comment_parent` (`comment_parent`)
) ENGINE=MyISAM AUTO_INCREMENT=37692 DEFAULT CHARSET=utf8;


#
# Data contents of table `wp_comments`
#
INSERT INTO `wp_comments` ( `comment_ID`, `comment_post_ID`, `comment_author`, `comment_author_email`, `comment_author_url`, `comment_author_IP`, `comment_date`, `comment_date_gmt`, `comment_content`, `comment_karma`, `comment_approved`, `comment_agent`, `comment_type`, `comment_parent`, `user_id`) VALUES
(19580, 5354, 'Sangap', 'peter.guth@td-fuerth.de', 'http://www.facebook.com/profile.php?id=100003406115166', '216.64.207.132', '2012-06-13 07:51:55', '2012-06-13 11:51:55', 'Allez le voir dans les salles de cine9ma, vous y pasersez de bons moments et encouragez le cine9ma marocain pour l\'e9voluer. Le piratage tue le cine9ma marocain. Un jour vous n\'aurez plus l\'occasion de voir un film marocain qui refle8te notre identite9 marocaine. Sachez bien que gre2ce e0 vous que le cine9ma marocain e9volue.', 0, '0', 'Mozilla/5.0 (Windows; U; Windows NT 5.1; en-US; rv:1.9.0.5) Gecko/2008120122 Firefox/3.0.5', '', 0, 0),
(19675, 3735, 'driviorirerne', 'invenipsync@gmail.com', 'http://onlinegirls.cu.cc', '83.99.185.25', '2012-06-26 18:07:35', '2012-06-26 22:07:35', 'анальные проститутки питера\r\nзаказ проституток на выезд\r\nпроститутки москвы окончание в рот\r\nместа чебоксарских проституток\r\nснять уличную проститутку\r\n \r\nРґРµРіРµРЅРµСЂaС‚РёРІРЅС‹С…  РїСЂРёР·РЅaРєРѕРІ.  РџРѕ  СЃР»РѕРІaРј   РµРµ,   РѕРЅРё   РѕС‚Р»РёС‡aСЋС‚СЃСЏ  РѕР±С‹РєРЅРѕРІРµРЅРЅРѕ\r\nР’ "Princesse de Bagdad" Dumas СЂРёСЃСѓРµС‚ Р¶РµРЅСѓ, РіРѕС‚РѕРІСѓСЋ СѓР¶Рµ СѓР±РµР¶aС‚СЊ СЃРѕ СЃРІРѕРёРј\r\nС‚РµaС‚СЂaС….\r\nРџРѕРґРѕР±РЅРѕРµ РїРѕР»РѕР¶РµРЅРёРµ РґРµР»a  СЏРІР»СЏРµС‚СЃСЏ СЃaРјС‹Рј РјРѕРіСѓС‰РµСЃС‚РІРµРЅРЅС‹Рј РјРѕС‚РёРІРѕРј  РїСЂРµСЃС‚СѓРїР»РµРЅРёСЏ\r\nРІ РґСЂСѓРіРѕРµ РїРѕРјРµС‰РµРЅРёРµ, РїСЂРёС‡РµРј  С…РѕР·СЏР№Рєa РґРѕРјa  Рё  РїСЂРѕС‡РёРµ РґРµРІСѓС€РєРё СЃР»РѕР¶РёР»РёСЃСЊ, С‡С‚РѕР±С‹\r\n \r\n \r\n \r\n<a href="http://onlinegirls.cu.cc/art.php?article=prostitutki-peterburg-metro-akademicheskaya" rel="nofollow">Проститутки петербург метро академическая</a>\r\n<a href="http://onlinegirls.cu.cc/art.php?article=prostitutki-peterburg-deshevo" rel="nofollow">Проститутки петербург дешево</a>\r\n<a href="http://onlinegirls.cu.cc/art.php?article=samie-dorogie-prostitutki" rel="nofollow">Сaмые дорогие проститутки</a>\r\n<a href="http://onlinegirls.cu.cc/art.php?article=prostitutki-deshevie-v-volgograde" rel="nofollow">Проститутки дешевые в волгограде</a>\r\n<a href="http://onlinegirls.cu.cc/art.php?article=krasnoyarskiy-kray-prostitutki-telefon" rel="nofollow">Красноярский край проститутки телефон</a>\r\n \r\n<a href="http://newgirls.cu.cc/art.php?article=prostitutki-individualki-ivanova" rel="nofollow">Проститутки индивидуалки иванова</a>\r\n<a href="http://newgirls.cu.cc/art.php?article=shlyhi-i-prostitutki-v-moskve-za-2000-tisyachi" rel="nofollow">Шлюхи и проститутки в москве за 2000 тысячи</a>\r\n<a href="http://newgirls.cu.cc/art.php?article=prostitutki-sankt-peterburg-ladojskaya" rel="nofollow">Проститутки санкт петербург ладожская</a>\r\n<a href="http://newgirls.cu.cc/art.php?article=intim-prostitutki" rel="nofollow">Intim проститутки</a>\r\n<a href="http://newgirls.cu.cc/art.php?article=luchshie-prostitutki-krima" rel="nofollow">Лучшие проститутки крыма</a>\r\n \r\n<a href="http://net-girls.cu.cc/ctg.php?category=15&amp;page=2" rel="nofollow">Проститутки москвы инди</a>\r\n<a href="http://net-girls.cu.cc/art.php?article=prostitutki-na-ulice-malahitovaya-dom-13" rel="nofollow">Проститутки на улице малахитовая дом 13</a>\r\n<a href="http://net-girls.cu.cc/ctg.php?category=2&amp;page=1" rel="nofollow">Проститутки блондинки алексеевская</a>\r\n<a href="http://net-girls.cu.cc/art.php?article=deshevie-prostitutki-prostitutki-moskvi" rel="nofollow">Дешевые проститутки проститутки москвы</a>\r\n<a href="http://net-girls.cu.cc/art.php?article=prostitutki-v-g-cherkassi" rel="nofollow">Проститутки в г. черкассы</a>\r\n \r\n<a href="http://mysoft.cu.cc/art.php?article=prostitutki-goroda-neryngri-s-telefonom" rel="nofollow">Проститутки города нерюнгри с телефоном</a>\r\n<a href="http://mysoft.cu.cc/art.php?article=phorum-prostitutki-goroda" rel="nofollow">Phorum проститутки города</a>\r\n<a href="http://mysoft.cu.cc/art.php?article=prostitutki-irkutsk-foto" rel="nofollow">Проститутки иркутск фото</a>\r\n<a href="http://mysoft.cu.cc/art.php?article=prostitutki-g-moskvi-rayon-m-domodevskaya" rel="nofollow">Проститутки г москвы район м домодевская</a>\r\n<a href="http://mysoft.cu.cc/ctg.php?category=16&amp;page=3" rel="nofollow">Г невинномысск проститутки</a>\r\n \r\n<a href="http://easygirls.cu.cc/art.php?article=prostitutki-v-kamenskuralskom" rel="nofollow">Проститутки в каменск-уральском</a>\r\n<a href="http://easygirls.cu.cc/art.php?article=prostitutki-moskvi-eskort" rel="nofollow">Проститутки москвы эскорт</a>\r\n<a href="http://easygirls.cu.cc/art.php?article=deshevie-prostitutki-chelyabinsk" rel="nofollow">Дешёвые проститутки челябинск</a>\r\n<a href="http://easygirls.cu.cc/art.php?article=prostitutki-na-polejaevskoy" rel="nofollow">Проститутки на полежаевской</a>\r\n<a href="http://easygirls.cu.cc/art.php?article=prostitutki-na-balkone-pesnya-maksim" rel="nofollow">Проститутки на балконе песня максим</a>', 0, '0', 'Mozilla/4.0 (compatible; MSIE 6.0; Windows NT 5.2; Win64; x64; SV1; .NET CLR 2.0.50727)', '', 0, 0),
(19750, 3735, 'Erich63', 'rihannafan13sp@gmail.com', 'http://rihannaticketsales.tumblr.com', '93.182.181.3', '2012-07-06 13:49:43', '2012-07-06 17:49:43', 'regarding proceeding  Rocker chik June Twenty fifth, In 2010 BigDickJohnson wow , let me understand what that a lot of ignorant. jada statements: Strut Searching for, Last year 24:51 moreover <a href="http://nameofrihannanewalbum.tumblr.com" rel="nofollow">rihanna make up</a> hope that you will more than anything else enjoyment: FBA collectibles qualify for Zero cost Quite Saver Distributing in', 0, '0', 'Mozilla/2.0 (compatible; MSIE 3.02; Windows CE; 240x320)', '', 0, 0),
(19812, 4575, 'payday loans online', 'vAExzX@mail.ru', 'http://paydayloansonliner.co.uk/#7255', '93.182.134.10', '2012-07-16 10:16:50', '2012-07-16 14:16:50', '<a href="http://paydayloansonliner.co.uk/#270945" rel="nofollow">payday loans</a> - <a href="http://paydayloansonliner.co.uk/#594360" rel="nofollow">payday loans online</a> , http://paydayloansonliner.co.uk/#308807 payday loans', 0, '0', 'Mozilla/4.0 (compatible; MSIE 6.0; Windows NT 5.1; FREE; .NET CLR 1.1.4322)', '', 0, 0),
(19942, 3735, 'Aleta90', 'josefine2445@gmail.com', 'http://getridofarmfatblog.com', '93.182.173.134', '2012-07-31 02:14:50', '2012-07-31 06:14:50', 'not to mention resistance training several weeks short time. In addition to this, research scientists concur to every piece of advice to getting into taking in some of my beverages that includes splenda suffering from it all over or so minutes. And after this consideration in a position gain weight undecided you might have excellent methods of this great blog post. Im support to work gentleman, inches around your waist soon i\'d like to suppose her enjoying a all my primarily to ensure that you are actually backing up by for up to <a href="http://getridofbackfatnow.com" rel="nofollow">do you lose fat</a> which try to be broken mix the three these animals positive thought. To lose kilograms. On the other hand won\'t punishment small sample to do with results only compromise on a few help and advice this in detail eradicate might want to create doing without southern states coastline weight loss program has risen my house ambiance that can necessary protein rises blood insulin instant messaging probably enhance love learning, started in circumstances akin to rhythm have to have to add up to my opinion somewhere around cutting edge comments are today barred that can fluctuations. This may increasingly show up counterintuitive having said that a great number of very small at most they\'re going to want. My spouse seem to be internet marketing with health and fitness club we were instructed this key fact on the net in the body. Even though will be someone diagnose getting to sleep. Back when i should attain publish a powerful urge for food of their hang-up of this eating habit several days ago. I will sit down and watch how additional information can potentially , through am someone. Still another results of', 0, '0', 'Mozilla/4.0 (compatible; MSIE 5.5; Windows NT 5.0)', '', 0, 0),
(20131, 6130, 'web site', 'pdvitrew@gmail.com', 'http://www.afreshkicks.com/', '14.209.255.32', '2012-08-17 22:00:59', '2012-08-18 02:00:59', 'The topic starter give us some decent points there~~~ before I have no idea about it but now I seemed know somthing~~~lol~`thanx the starter ~~keeping your blog fresh..I will get your back~~~', 0, '0', 'Mozilla/4.0 (compatible; MSIE 6.0; Windows NT 5.1; SV1; Mozilla/4.0 (compatible; MSIE 6.0; Windows NT 5.1; SV1) )', '', 0, 0),
(31243, 3774, 'Brad Johnson', 'allstate@usa.net', '', '24.186.116.74', '2013-09-10 16:05:50', '2013-09-10 20:05:50', 'Please send info on becoming a dealer for Madico security\r\nwindow films.', 0, '0', 'Mozilla/5.0 (Windows NT 5.1; rv:23.0) Gecko/20100101 Firefox/23.0', '', 0, 0),
(31285, 3674, 'Yehoshua Gmeono', 'necoenduro@yahoo.com', 'http://www.araucariabrasil.com', '187.62.44.5', '2013-09-12 08:56:27', '2013-09-12 12:56:27', 'Dear Sirs:\r\n\r\n    We are looking into sell your Solar products here in Brazil, we had contact with one of your employees, afther receiving sampleslong time ago,  and presenting from our side interest into buying and distribuiting,  so far we had not get either prices or new contact from you.  Would like to know if you are interested in this market or in us to proceed to look for someone else.  As you may know, Brazil it´s under very big demostrations and raids, so glass braking it´s every day, just imagine the opportunity we are loosing every day.\r\n\r\n   Looking forward to hear from you\r\n\r\n    Yehoshua Gmeono\r\n   Araucaria Brazil\r\n  43 9907 9897\r\n   yosh1968@hotmail.com\r\n   necoenduro@yahoo.com', 0, '0', 'Mozilla/5.0 (Windows NT 6.1; WOW64) AppleWebKit/537.36 (KHTML, like Gecko) Chrome/29.0.1547.66 Safari/537.36', '', 0, 0),
(31515, 6460, 'Heath', 'heathsorrell@gmail.com', 'http://www.brucelawson.co.uk/2013/on-citing-quotations-again/', '200.93.54.47', '2013-09-19 22:02:08', '2013-09-20 02:02:08', 'What\'s up colleagues, how is the whole thing,\r\nand what you would like to say concerning this paragraph, in my view \r\nits in fact awesome for me.', 0, '0', 'Mozilla/5.0 (Macintosh; Intel Mac OS X 10_7_5) AppleWebKit/536.30.1 (KHTML, like Gecko) Version/6.0.5 Safari/536.30.1', '', 0, 0),
(31840, 7418, 'facebook marketing strategy', 'larhondaloftus@freenet.de', 'http://www.youtube.com/watch?v=cpktxp4jRxs', '201.192.247.82', '2013-09-29 12:28:09', '2013-09-29 16:28:09', 'I all the time emailed this blog post page to all my contacts, because if like to read it then my links \r\nwill too.', 0, '0', 'Mozilla/5.0 (Macintosh; Intel Mac OS X 10_8_4) AppleWebKit/537.36 (KHTML, like Gecko) Chrome/27.0.1453.110 Safari/537.36', '', 0, 0),
(31923, 8036, 'natale airaudi', 'natale.airaudi@gmail.it', '', '87.2.73.37', '2013-10-02 13:20:35', '2013-10-02 17:20:35', 'We are intetested in your PV films since we have installed several in last years-\r\nWe would like to know more about these films :\r\n.is it possible to apply films on the panels already installed?\r\n.is it possible to reduce te,temperature on the surface of the panels with your films?\r\n.have you any  itaian or european representative in order to contact for prices?\r\n.is it possible to have some sample ?\r\nThanking you in advance \r\nBest regards\r\nIng.Natale Airaudi \r\n00393343398340', 0, '0', 'Mozilla/5.0 (Windows NT 6.1; WOW64) AppleWebKit/537.36 (KHTML, like Gecko) Chrome/29.0.1547.76 Safari/537.36', '', 0, 0),
(31947, 6637, 'reinier van der sandt', 'info@vdstrading.com', 'http://www.vdstrading.com', '46.145.21.214', '2013-10-03 03:44:48', '2013-10-03 07:44:48', 'Dear madam/Sir,\r\n\r\nDoes your TA 81 xsr (amber) have a ESD treatmeant', 0, '0', 'Mozilla/5.0 (Windows NT 6.1; WOW64) AppleWebKit/537.36 (KHTML, like Gecko) Chrome/30.0.1599.66 Safari/537.36', '', 0, 0),
(31969, 6519, 'Robert Pinot', 'rpinot@premsousa.com', 'http://www.premscousa.com', '75.115.131.16', '2013-10-03 20:18:27', '2013-10-04 00:18:27', 'I am the PREMSCO Automation Consultant for your area.  I would like to have the contact name of the  Production Manager , Maintenance and e-mail , in order to send my LINE CARD. I’ll be more than happy to provide you with all your needs regarding our products and services.  \r\n\r\n Best Regards,\r\n\r\nRobert Pinot\r\n\r\n Premsco USA\r\nwww.premscousa.com \r\nCell: (407) 406-3900\r\nrpinot@premscousa.com', 0, 'trash', 'Mozilla/5.0 (compatible; MSIE 10.0; Windows NT 6.1; WOW64; Trident/6.0)', '', 0, 0),
(32922, 8175, 'Marvin Katz', 'marvkatz@hotmail.com', '', '71.196.61.142', '2013-10-31 08:36:05', '2013-10-31 12:36:05', 'I had madico wondow film put on in my home. I find that the product does not eliminate much glare nor heat.  The company I used was 50% discount window tinting did a sloppy jpb of installatipn.  I called the company and was told that they were going to send a rep. To look at the problem. So far I am still waiting.  I hope the company stands by thier warranty.', 0, '0', 'Mozilla/5.0 (Linux; U; Android 4.1.2; en-us; LG-P769 Build/JZO54K) AppleWebKit/534.30 (KHTML, like Gecko) Version/4.0 Mobile Safari/534.30', '', 0, 0),
(34412, 2558, 'Mary E. Roszkowski', 'roszkowskim@mansfieldelementary.org', '', '74.94.12.154', '2013-12-04 10:14:00', '2013-12-04 15:14:00', 'I would like the President of the Company to contact me to discuss what is being represented in the sales materials vs. the installation job.  We have photographs of the installation job and would like to know if this is truly how you want your quality materials to be represented in the field.  Please contact me as soon as possible so that I can share those photographs.  I think the photographs will be quite an eye-opener for you.  I don\'t think you would want other school districts to see the final product.  \r\n\r\nMary E. Roszkowki\r\nSchool Business Administrator', 0, 'trash', 'Mozilla/5.0 (compatible; MSIE 9.0; Windows NT 6.1; Trident/5.0)', '', 0, 0),
(35033, 7317, 'facebook account hack v2.1.1', 'tammie-dwyer@gmail.com', 'http://safe.mn/p7Nx', '199.119.227.115', '2013-12-08 11:42:04', '2013-12-08 16:42:04', 'Good article! We will be linking to this particularly great post on our website.\r\n\r\nKeep up the great writing.', 0, 'trash', 'Mozilla/5.0 (iPhone; CPU iPhone OS 6_1_3 like Mac OS X) AppleWebKit/536.26 (KHTML, like Gecko) Version/6.0 Mobile/10B329 Safari/8536.25', '', 0, 0),
(36404, 8252, 'Reiner Haggenmiller', 'zermatt21@aol.com', '', '96.254.33.233', '2014-01-07 12:48:44', '2014-01-07 17:48:44', 'I have been looking all over your site to find more technical and performance related information on your Window Film and cannot find anything but some generic information. The Window Film 101 article is reasonably informative but is quite basic, at best just a 101 course. Where can I get more detailed information on your product, their specifications, their performance, on your warranties, etc.???\r\nThanks, Reiner Haggenmiller', 0, 'trash', 'Mozilla/5.0 (Windows NT 6.1; Trident/7.0; rv:11.0) like Gecko', '', 0, 0),
(37300, 7923, 'Dynamic Shades', 'shane77carter@gmail.com', 'http://www.dynamicshades.com.sg/', '122.177.241.202', '2014-01-25 07:11:13', '2014-01-25 12:11:13', '<a href="http://www.dynamicshades.com.sg/" rel="nofollow">dynamic shades</a> provied the best state Window film specialist in your house.', 0, '0', 'Mozilla/5.0 (Windows NT 6.1) AppleWebKit/537.36 (KHTML, like Gecko) Chrome/31.0.1650.63 Safari/537.36 OPR/18.0.1284.68 (Edition Campaign 13)', '', 0, 0),
(37402, 8252, 'Eric', 'evw@usscgroup.com', '', '98.114.122.36', '2014-01-28 09:34:07', '2014-01-28 14:34:07', 'I need some info on film', 0, '0', 'Mozilla/5.0 (Windows NT 6.1; WOW64; Trident/7.0; MDDRJS; rv:11.0) like Gecko', '', 0, 0),
(37466, 7999, 'sankar ganesh', 'sankarganesh@premier-1.com', 'http://www.premier-1.com', '58.68.82.54', '2014-01-30 05:55:32', '2014-01-30 10:55:32', 'Dear Sir,\r\n\r\nWe need Winow/Automobile film for our new project.The technical requirement as follows.\r\n\r\nVisible transmission --90%\r\nInfrared reject ---- 97%\r\nThickness -- 2mil/2ply\r\n\r\nRegards,\r\nSankar ganesh.c.p\r\nPremier evolvics p ltd,\r\ncoimbatore\r\nIndia', 0, '0', 'Mozilla/5.0 (Windows NT 6.1; rv:13.0) Gecko/20100101 Firefox/13.0.1', '', 0, 0),
(37467, 7999, 'sankar ganesh', 'sankar7180@gmail.com', 'http://www.premier-1.com', '58.68.82.54', '2014-01-30 05:59:46', '2014-01-30 10:59:46', 'Dear Sir,\r\n\r\nWe need Winow/Automobile film for our new project.The technical requirement as follows.\r\n\r\nVisible transmission –90%\r\nInfrared reject —- 97%\r\nThickness — 2mil/2ply\r\n\r\nRegards,\r\nSankar ganesh.c.p\r\nPremier evolvics p ltd,\r\ncoimbatore\r\nIndia', 0, '0', 'Mozilla/5.0 (Windows NT 6.1; rv:13.0) Gecko/20100101 Firefox/13.0.1', '', 0, 0) ;

#
# End of data contents of table `wp_comments`
# --------------------------------------------------------



#
# Delete any existing table `wp_icl_cms_nav_cache`
#

DROP TABLE IF EXISTS `wp_icl_cms_nav_cache`;


#
# Table structure of table `wp_icl_cms_nav_cache`
#

CREATE TABLE `wp_icl_cms_nav_cache` (
  `id` bigint(20) NOT NULL AUTO_INCREMENT,
  `cache_key` varchar(128) NOT NULL,
  `type` varchar(128) NOT NULL,
  `data` text NOT NULL,
  `timestamp` timestamp NOT NULL DEFAULT CURRENT_TIMESTAMP,
  PRIMARY KEY (`id`)
) ENGINE=MyISAM DEFAULT CHARSET=utf8;


#
# Data contents of table `wp_icl_cms_nav_cache`
#

#
# End of data contents of table `wp_icl_cms_nav_cache`
# --------------------------------------------------------



#
# Delete any existing table `wp_icl_content_status`
#

DROP TABLE IF EXISTS `wp_icl_content_status`;


#
# Table structure of table `wp_icl_content_status`
#

CREATE TABLE `wp_icl_content_status` (
  `rid` bigint(20) NOT NULL,
  `nid` bigint(20) NOT NULL,
  `timestamp` datetime NOT NULL,
  `md5` varchar(32) NOT NULL,
  PRIMARY KEY (`rid`),
  KEY `nid` (`nid`)
) ENGINE=MyISAM DEFAULT CHARSET=utf8;


#
# Data contents of table `wp_icl_content_status`
#

#
# End of data contents of table `wp_icl_content_status`
# --------------------------------------------------------



#
# Delete any existing table `wp_icl_core_status`
#

DROP TABLE IF EXISTS `wp_icl_core_status`;


#
# Table structure of table `wp_icl_core_status`
#

CREATE TABLE `wp_icl_core_status` (
  `id` bigint(20) NOT NULL AUTO_INCREMENT,
  `rid` bigint(20) NOT NULL,
  `module` varchar(16) NOT NULL,
  `origin` varchar(64) NOT NULL,
  `target` varchar(64) NOT NULL,
  `status` smallint(6) NOT NULL,
  PRIMARY KEY (`id`),
  KEY `rid` (`rid`)
) ENGINE=MyISAM DEFAULT CHARSET=utf8;


#
# Data contents of table `wp_icl_core_status`
#

#
# End of data contents of table `wp_icl_core_status`
# --------------------------------------------------------



#
# Delete any existing table `wp_icl_flags`
#

DROP TABLE IF EXISTS `wp_icl_flags`;


#
# Table structure of table `wp_icl_flags`
#

CREATE TABLE `wp_icl_flags` (
  `id` int(11) NOT NULL AUTO_INCREMENT,
  `lang_code` varchar(10) NOT NULL,
  `flag` varchar(32) NOT NULL,
  `from_template` tinyint(4) NOT NULL DEFAULT '0',
  PRIMARY KEY (`id`),
  UNIQUE KEY `lang_code` (`lang_code`)
) ENGINE=MyISAM AUTO_INCREMENT=64 DEFAULT CHARSET=utf8;


#
# Data contents of table `wp_icl_flags`
#
INSERT INTO `wp_icl_flags` ( `id`, `lang_code`, `flag`, `from_template`) VALUES
(1, 'ar', 'ar.png', 0),
(2, 'bg', 'bg.png', 0),
(3, 'bs', 'bs.png', 0),
(4, 'ca', 'ca.png', 0),
(5, 'cs', 'cs.png', 0),
(6, 'cy', 'cy.png', 0),
(7, 'da', 'da.png', 0),
(8, 'de', 'de.png', 0),
(9, 'el', 'el.png', 0),
(10, 'en', 'us.png', 0),
(11, 'eo', 'eo.png', 0),
(12, 'es', 'es.png', 0),
(13, 'et', 'et.png', 0),
(14, 'eu', 'eu.png', 0),
(15, 'fa', 'fa.png', 0),
(16, 'fi', 'fi.png', 0),
(17, 'fr', 'fr.png', 0),
(18, 'ga', 'ga.png', 0),
(19, 'he', 'he.png', 0),
(20, 'hi', 'hi.png', 0),
(21, 'hr', 'hr.png', 0),
(22, 'hu', 'hu.png', 0),
(23, 'hy', 'hy.png', 0),
(24, 'id', 'id.png', 0),
(25, 'is', 'is.png', 0),
(26, 'it', 'it.png', 0),
(27, 'ja', 'ja.png', 0),
(28, 'ko', 'ko.png', 0),
(29, 'ku', 'ku.png', 0),
(30, 'la', 'la.png', 0),
(31, 'lt', 'lt.png', 0),
(32, 'lv', 'lv.png', 0),
(33, 'mk', 'mk.png', 0),
(34, 'mn', 'mn.png', 0),
(35, 'mo', 'mo.png', 0),
(36, 'mt', 'mt.png', 0),
(37, 'nb', 'nb.png', 0),
(38, 'ne', 'ne.png', 0),
(39, 'nl', 'nl.png', 0),
(40, 'pa', 'pa.png', 0),
(41, 'pl', 'pl.png', 0),
(42, 'pt-br', 'pt-br.png', 0),
(43, 'pt-pt', 'pt-pt.png', 0),
(44, 'qu', 'qu.png', 0),
(45, 'ro', 'ro.png', 0),
(46, 'ru', 'ru.png', 0),
(47, 'sk', 'sk.png', 0),
(48, 'sl', 'sl.png', 0),
(49, 'so', 'so.png', 0),
(50, 'sq', 'sq.png', 0),
(51, 'sr', 'sr.png', 0),
(52, 'sv', 'sv.png', 0),
(53, 'ta', 'ta.png', 0),
(54, 'th', 'th.png', 0),
(55, 'tr', 'tr.png', 0),
(56, 'uk', 'uk.png', 0),
(57, 'ur', 'ur.png', 0),
(58, 'uz', 'uz.png', 0),
(59, 'vi', 'vi.png', 0),
(60, 'yi', 'yi.png', 0),
(61, 'zh-hans', 'zh-hans.png', 0),
(62, 'zh-hant', 'zh-hant.png', 0),
(63, 'zu', 'zu.png', 0) ;

#
# End of data contents of table `wp_icl_flags`
# --------------------------------------------------------



#
# Delete any existing table `wp_icl_languages`
#

DROP TABLE IF EXISTS `wp_icl_languages`;


#
# Table structure of table `wp_icl_languages`
#

CREATE TABLE `wp_icl_languages` (
  `id` int(11) NOT NULL AUTO_INCREMENT,
  `code` varchar(7) NOT NULL,
  `english_name` varchar(128) NOT NULL,
  `major` tinyint(4) NOT NULL DEFAULT '0',
  `active` tinyint(4) NOT NULL,
  `default_locale` varchar(8) DEFAULT NULL,
  `encode_url` tinyint(1) NOT NULL DEFAULT '0',
  PRIMARY KEY (`id`),
  UNIQUE KEY `code` (`code`),
  UNIQUE KEY `english_name` (`english_name`)
) ENGINE=MyISAM AUTO_INCREMENT=64 DEFAULT CHARSET=utf8;


#
# Data contents of table `wp_icl_languages`
#
INSERT INTO `wp_icl_languages` ( `id`, `code`, `english_name`, `major`, `active`, `default_locale`, `encode_url`) VALUES
(1, 'en', 'English', 1, 1, 'en_US', 0),
(2, 'es', 'Spanish', 1, 0, 'es_ES', 0),
(3, 'de', 'German', 1, 0, 'de_DE', 0),
(4, 'fr', 'French', 1, 0, 'fr_FR', 0),
(5, 'ar', 'Arabic', 0, 0, 'ar', 1),
(6, 'bs', 'Bosnian', 0, 0, '', 0),
(7, 'bg', 'Bulgarian', 0, 0, 'bg_BG', 0),
(8, 'ca', 'Catalan', 0, 0, 'ca', 0),
(9, 'cs', 'Czech', 0, 0, 'cs_CZ', 0),
(10, 'sk', 'Slovak', 0, 0, 'sk_SK', 0),
(11, 'cy', 'Welsh', 0, 0, 'cy', 0),
(12, 'da', 'Danish', 1, 0, 'da_DK', 0),
(13, 'el', 'Greek', 0, 0, 'el', 1),
(14, 'eo', 'Esperanto', 0, 0, 'eo', 0),
(15, 'et', 'Estonian', 0, 0, 'et', 0),
(16, 'eu', 'Basque', 0, 0, 'eu', 0),
(17, 'fa', 'Persian', 0, 0, 'fa_IR', 1),
(18, 'fi', 'Finnish', 0, 0, 'fi_FI', 0),
(19, 'ga', 'Irish', 0, 0, '', 0),
(20, 'he', 'Hebrew', 0, 0, 'he_IL', 1),
(21, 'hi', 'Hindi', 0, 0, '', 0),
(22, 'hr', 'Croatian', 0, 0, 'hr', 0),
(23, 'hu', 'Hungarian', 0, 0, 'hu_HU', 0),
(24, 'hy', 'Armenian', 0, 0, '', 0),
(25, 'id', 'Indonesian', 0, 0, 'id_ID', 0),
(26, 'is', 'Icelandic', 0, 0, 'is_IS', 0),
(27, 'it', 'Italian', 1, 0, 'it_IT', 0),
(28, 'ja', 'Japanese', 1, 0, 'ja', 1),
(29, 'ko', 'Korean', 0, 0, 'ko_KR', 1),
(30, 'ku', 'Kurdish', 0, 0, 'ku', 0),
(31, 'la', 'Latin', 0, 0, '', 0),
(32, 'lv', 'Latvian', 0, 0, 'lv', 0),
(33, 'lt', 'Lithuanian', 0, 0, 'lt', 0),
(34, 'mk', 'Macedonian', 0, 0, 'mk_MK', 0),
(35, 'mt', 'Maltese', 0, 0, '', 0),
(36, 'mo', 'Moldavian', 0, 0, '', 0),
(37, 'mn', 'Mongolian', 0, 0, '', 0),
(38, 'ne', 'Nepali', 0, 0, '', 0),
(39, 'nl', 'Dutch', 1, 0, 'nl_NL', 0),
(40, 'nb', 'Norwegian Bokmål', 0, 0, 'nb_NO', 0),
(41, 'pa', 'Punjabi', 0, 0, '', 0),
(42, 'pl', 'Polish', 0, 0, 'pl_PL', 0),
(43, 'pt-pt', 'Portuguese, Portugal', 0, 0, 'pt_PT', 0),
(44, 'pt-br', 'Portuguese, Brazil', 0, 0, 'pt_BR', 0),
(45, 'qu', 'Quechua', 0, 0, '', 0),
(46, 'ro', 'Romanian', 0, 0, 'ro_RO', 0),
(47, 'ru', 'Russian', 1, 0, 'ru_RU', 1),
(48, 'sl', 'Slovenian', 0, 0, 'sl_SI', 0),
(49, 'so', 'Somali', 0, 0, '', 0),
(50, 'sq', 'Albanian', 0, 0, '', 0),
(51, 'sr', 'Serbian', 0, 0, 'sr_RS', 0),
(52, 'sv', 'Swedish', 0, 0, 'sv_SE', 0),
(53, 'ta', 'Tamil', 0, 0, '', 0),
(54, 'th', 'Thai', 0, 0, 'th', 1),
(55, 'tr', 'Turkish', 0, 0, 'tr', 0),
(56, 'uk', 'Ukrainian', 0, 0, 'uk_UA', 1),
(57, 'ur', 'Urdu', 0, 0, '', 0),
(58, 'uz', 'Uzbek', 0, 0, 'uz_UZ', 0),
(59, 'vi', 'Vietnamese', 0, 0, 'vi', 1),
(60, 'yi', 'Yiddish', 0, 0, '', 0),
(61, 'zh-hans', 'Chinese (Simplified)', 1, 0, 'zh_CN', 1),
(62, 'zu', 'Zulu', 0, 0, '', 0),
(63, 'zh-hant', 'Chinese (Traditional)', 1, 1, 'zh_TW', 1) ;

#
# End of data contents of table `wp_icl_languages`
# --------------------------------------------------------



#
# Delete any existing table `wp_icl_languages_translations`
#

DROP TABLE IF EXISTS `wp_icl_languages_translations`;


#
# Table structure of table `wp_icl_languages_translations`
#

CREATE TABLE `wp_icl_languages_translations` (
  `id` int(11) NOT NULL AUTO_INCREMENT,
  `language_code` varchar(7) NOT NULL,
  `display_language_code` varchar(7) NOT NULL,
  `name` varchar(255) NOT NULL,
  PRIMARY KEY (`id`),
  UNIQUE KEY `language_code` (`language_code`,`display_language_code`)
) ENGINE=MyISAM AUTO_INCREMENT=3970 DEFAULT CHARSET=utf8;


#
# Data contents of table `wp_icl_languages_translations`
#
INSERT INTO `wp_icl_languages_translations` ( `id`, `language_code`, `display_language_code`, `name`) VALUES
(1, 'en', 'en', 'English'),
(2, 'en', 'es', 'Inglés'),
(3, 'en', 'de', 'Englisch'),
(4, 'en', 'fr', 'Anglais'),
(5, 'en', 'ar', 'الإنجليزية'),
(6, 'en', 'bs', 'English'),
(7, 'en', 'bg', 'English'),
(8, 'en', 'ca', 'English'),
(9, 'en', 'cs', 'English'),
(10, 'en', 'sk', 'Angličtina'),
(11, 'en', 'cy', 'English'),
(12, 'en', 'da', 'English'),
(13, 'en', 'el', 'Αγγλικα'),
(14, 'en', 'eo', 'English'),
(15, 'en', 'et', 'English'),
(16, 'en', 'eu', 'English'),
(17, 'en', 'fa', 'English'),
(18, 'en', 'fi', 'englanti'),
(19, 'en', 'ga', 'English'),
(20, 'en', 'he', 'אנגלית'),
(21, 'en', 'hi', 'English'),
(22, 'en', 'hr', 'English'),
(23, 'en', 'hu', 'angol'),
(24, 'en', 'hy', 'English'),
(25, 'en', 'id', 'English'),
(26, 'en', 'is', 'English'),
(27, 'en', 'it', 'Inglese'),
(28, 'en', 'ja', '英語'),
(29, 'en', 'ko', '영어'),
(30, 'en', 'ku', 'English'),
(31, 'en', 'la', 'English'),
(32, 'en', 'lv', 'English'),
(33, 'en', 'lt', 'English'),
(34, 'en', 'mk', 'English'),
(35, 'en', 'mt', 'English'),
(36, 'en', 'mo', 'English'),
(37, 'en', 'mn', 'English'),
(38, 'en', 'ne', 'English'),
(39, 'en', 'nl', 'Engels'),
(40, 'en', 'nb', 'English'),
(41, 'en', 'pa', 'English'),
(42, 'en', 'pl', 'angielski'),
(43, 'en', 'pt-pt', 'Inglês'),
(44, 'en', 'pt-br', 'Inglês'),
(45, 'en', 'qu', 'English'),
(46, 'en', 'ro', 'Engleză'),
(47, 'en', 'ru', 'Английский'),
(48, 'en', 'sl', 'English'),
(49, 'en', 'so', 'English'),
(50, 'en', 'sq', 'English'),
(51, 'en', 'sr', 'English'),
(52, 'en', 'sv', 'Engelska'),
(53, 'en', 'ta', 'English'),
(54, 'en', 'th', 'อังกฤษ'),
(55, 'en', 'tr', 'İngilizce'),
(56, 'en', 'uk', 'English'),
(57, 'en', 'ur', 'English'),
(58, 'en', 'uz', 'English'),
(59, 'en', 'vi', 'English'),
(60, 'en', 'yi', 'English'),
(61, 'en', 'zh-hans', '英语'),
(62, 'en', 'zu', 'English'),
(63, 'en', 'zh-hant', '英語'),
(64, 'es', 'en', 'Spanish'),
(65, 'es', 'es', 'Español'),
(66, 'es', 'de', 'Spanisch'),
(67, 'es', 'fr', 'Espagnol'),
(68, 'es', 'ar', 'الأسبانية'),
(69, 'es', 'bs', 'Spanish'),
(70, 'es', 'bg', 'Spanish'),
(71, 'es', 'ca', 'Spanish'),
(72, 'es', 'cs', 'Spanish'),
(73, 'es', 'sk', 'Španielčina'),
(74, 'es', 'cy', 'Spanish'),
(75, 'es', 'da', 'Spanish'),
(76, 'es', 'el', 'Ισπανικα'),
(77, 'es', 'eo', 'Spanish'),
(78, 'es', 'et', 'Spanish'),
(79, 'es', 'eu', 'Spanish'),
(80, 'es', 'fa', 'Spanish'),
(81, 'es', 'fi', 'espanja'),
(82, 'es', 'ga', 'Spanish'),
(83, 'es', 'he', 'ספרדית'),
(84, 'es', 'hi', 'Spanish'),
(85, 'es', 'hr', 'Spanish'),
(86, 'es', 'hu', 'spanyol'),
(87, 'es', 'hy', 'Spanish'),
(88, 'es', 'id', 'Spanish'),
(89, 'es', 'is', 'Spanish'),
(90, 'es', 'it', 'Spagnolo'),
(91, 'es', 'ja', 'スペイン語'),
(92, 'es', 'ko', '스페인어'),
(93, 'es', 'ku', 'Spanish'),
(94, 'es', 'la', 'Spanish'),
(95, 'es', 'lv', 'Spanish'),
(96, 'es', 'lt', 'Spanish'),
(97, 'es', 'mk', 'Spanish'),
(98, 'es', 'mt', 'Spanish'),
(99, 'es', 'mo', 'Spanish'),
(100, 'es', 'mn', 'Spanish') ;
INSERT INTO `wp_icl_languages_translations` ( `id`, `language_code`, `display_language_code`, `name`) VALUES
(101, 'es', 'ne', 'Spanish'),
(102, 'es', 'nl', 'Spaans'),
(103, 'es', 'nb', 'Spanish'),
(104, 'es', 'pa', 'Spanish'),
(105, 'es', 'pl', 'hiszpański'),
(106, 'es', 'pt-pt', 'Espanhol'),
(107, 'es', 'pt-br', 'Espanhol'),
(108, 'es', 'qu', 'Spanish'),
(109, 'es', 'ro', 'Spaniolă'),
(110, 'es', 'ru', 'Испанский'),
(111, 'es', 'sl', 'Spanish'),
(112, 'es', 'so', 'Spanish'),
(113, 'es', 'sq', 'Spanish'),
(114, 'es', 'sr', 'Spanish'),
(115, 'es', 'sv', 'Spanska'),
(116, 'es', 'ta', 'Spanish'),
(117, 'es', 'th', 'สเปน'),
(118, 'es', 'tr', 'İspanyolca'),
(119, 'es', 'uk', 'Spanish'),
(120, 'es', 'ur', 'Spanish'),
(121, 'es', 'uz', 'Spanish'),
(122, 'es', 'vi', 'Spanish'),
(123, 'es', 'yi', 'Spanish'),
(124, 'es', 'zh-hans', '西班牙语'),
(125, 'es', 'zu', 'Spanish'),
(126, 'es', 'zh-hant', '西班牙語'),
(127, 'de', 'en', 'German'),
(128, 'de', 'es', 'Alemán'),
(129, 'de', 'de', 'Deutsch'),
(130, 'de', 'fr', 'Allemand'),
(131, 'de', 'ar', 'الألمانية'),
(132, 'de', 'bs', 'German'),
(133, 'de', 'bg', 'German'),
(134, 'de', 'ca', 'German'),
(135, 'de', 'cs', 'German'),
(136, 'de', 'sk', 'Nemčina'),
(137, 'de', 'cy', 'German'),
(138, 'de', 'da', 'German'),
(139, 'de', 'el', 'Γερμανικα'),
(140, 'de', 'eo', 'German'),
(141, 'de', 'et', 'German'),
(142, 'de', 'eu', 'German'),
(143, 'de', 'fa', 'German'),
(144, 'de', 'fi', 'saksa'),
(145, 'de', 'ga', 'German'),
(146, 'de', 'he', 'גרמנית'),
(147, 'de', 'hi', 'German'),
(148, 'de', 'hr', 'German'),
(149, 'de', 'hu', 'német'),
(150, 'de', 'hy', 'German'),
(151, 'de', 'id', 'German'),
(152, 'de', 'is', 'German'),
(153, 'de', 'it', 'Tedesco'),
(154, 'de', 'ja', 'ドイツ語'),
(155, 'de', 'ko', '독어'),
(156, 'de', 'ku', 'German'),
(157, 'de', 'la', 'German'),
(158, 'de', 'lv', 'German'),
(159, 'de', 'lt', 'German'),
(160, 'de', 'mk', 'German'),
(161, 'de', 'mt', 'German'),
(162, 'de', 'mo', 'German'),
(163, 'de', 'mn', 'German'),
(164, 'de', 'ne', 'German'),
(165, 'de', 'nl', 'Duits'),
(166, 'de', 'nb', 'German'),
(167, 'de', 'pa', 'German'),
(168, 'de', 'pl', 'niemiecki'),
(169, 'de', 'pt-pt', 'Alemão'),
(170, 'de', 'pt-br', 'Alemão'),
(171, 'de', 'qu', 'German'),
(172, 'de', 'ro', 'Germană'),
(173, 'de', 'ru', 'Немецкий'),
(174, 'de', 'sl', 'German'),
(175, 'de', 'so', 'German'),
(176, 'de', 'sq', 'German'),
(177, 'de', 'sr', 'German'),
(178, 'de', 'sv', 'Tyska'),
(179, 'de', 'ta', 'German'),
(180, 'de', 'th', 'เยอรมัน'),
(181, 'de', 'tr', 'Almanca'),
(182, 'de', 'uk', 'German'),
(183, 'de', 'ur', 'German'),
(184, 'de', 'uz', 'German'),
(185, 'de', 'vi', 'German'),
(186, 'de', 'yi', 'German'),
(187, 'de', 'zh-hans', '德语'),
(188, 'de', 'zu', 'German'),
(189, 'de', 'zh-hant', '德語'),
(190, 'fr', 'en', 'French'),
(191, 'fr', 'es', 'Francés'),
(192, 'fr', 'de', 'Französisch'),
(193, 'fr', 'fr', 'Français'),
(194, 'fr', 'ar', 'الفرنسية'),
(195, 'fr', 'bs', 'French'),
(196, 'fr', 'bg', 'French'),
(197, 'fr', 'ca', 'French'),
(198, 'fr', 'cs', 'French'),
(199, 'fr', 'sk', 'Francúzština'),
(200, 'fr', 'cy', 'French') ;
INSERT INTO `wp_icl_languages_translations` ( `id`, `language_code`, `display_language_code`, `name`) VALUES
(201, 'fr', 'da', 'French'),
(202, 'fr', 'el', 'Γαλλικα'),
(203, 'fr', 'eo', 'French'),
(204, 'fr', 'et', 'French'),
(205, 'fr', 'eu', 'French'),
(206, 'fr', 'fa', 'French'),
(207, 'fr', 'fi', 'ranska'),
(208, 'fr', 'ga', 'French'),
(209, 'fr', 'he', 'צרפתית'),
(210, 'fr', 'hi', 'French'),
(211, 'fr', 'hr', 'French'),
(212, 'fr', 'hu', 'francia'),
(213, 'fr', 'hy', 'French'),
(214, 'fr', 'id', 'French'),
(215, 'fr', 'is', 'French'),
(216, 'fr', 'it', 'Francese'),
(217, 'fr', 'ja', 'フランス語'),
(218, 'fr', 'ko', '불어'),
(219, 'fr', 'ku', 'French'),
(220, 'fr', 'la', 'French'),
(221, 'fr', 'lv', 'French'),
(222, 'fr', 'lt', 'French'),
(223, 'fr', 'mk', 'French'),
(224, 'fr', 'mt', 'French'),
(225, 'fr', 'mo', 'French'),
(226, 'fr', 'mn', 'French'),
(227, 'fr', 'ne', 'French'),
(228, 'fr', 'nl', 'Frans'),
(229, 'fr', 'nb', 'French'),
(230, 'fr', 'pa', 'French'),
(231, 'fr', 'pl', 'francuski'),
(232, 'fr', 'pt-pt', 'Francês'),
(233, 'fr', 'pt-br', 'Francês'),
(234, 'fr', 'qu', 'French'),
(235, 'fr', 'ro', 'Franceză'),
(236, 'fr', 'ru', 'Французский'),
(237, 'fr', 'sl', 'French'),
(238, 'fr', 'so', 'French'),
(239, 'fr', 'sq', 'French'),
(240, 'fr', 'sr', 'French'),
(241, 'fr', 'sv', 'Franska'),
(242, 'fr', 'ta', 'French'),
(243, 'fr', 'th', 'ฝรั่งเศส'),
(244, 'fr', 'tr', 'Fransızca'),
(245, 'fr', 'uk', 'French'),
(246, 'fr', 'ur', 'French'),
(247, 'fr', 'uz', 'French'),
(248, 'fr', 'vi', 'French'),
(249, 'fr', 'yi', 'French'),
(250, 'fr', 'zh-hans', '法语'),
(251, 'fr', 'zu', 'French'),
(252, 'fr', 'zh-hant', '法語'),
(253, 'ar', 'en', 'Arabic'),
(254, 'ar', 'es', 'Árabe'),
(255, 'ar', 'de', 'Arabisch'),
(256, 'ar', 'fr', 'Arabe'),
(257, 'ar', 'ar', 'العربية'),
(258, 'ar', 'bs', 'Arabic'),
(259, 'ar', 'bg', 'Arabic'),
(260, 'ar', 'ca', 'Arabic'),
(261, 'ar', 'cs', 'Arabic'),
(262, 'ar', 'sk', 'Arabčina'),
(263, 'ar', 'cy', 'Arabic'),
(264, 'ar', 'da', 'Arabic'),
(265, 'ar', 'el', 'Αραβικα'),
(266, 'ar', 'eo', 'Arabic'),
(267, 'ar', 'et', 'Arabic'),
(268, 'ar', 'eu', 'Arabic'),
(269, 'ar', 'fa', 'Arabic'),
(270, 'ar', 'fi', 'arabia'),
(271, 'ar', 'ga', 'Arabic'),
(272, 'ar', 'he', 'ערבית'),
(273, 'ar', 'hi', 'Arabic'),
(274, 'ar', 'hr', 'Arabic'),
(275, 'ar', 'hu', 'arab'),
(276, 'ar', 'hy', 'Arabic'),
(277, 'ar', 'id', 'Arabic'),
(278, 'ar', 'is', 'Arabic'),
(279, 'ar', 'it', 'Arabo'),
(280, 'ar', 'ja', 'アラビア語'),
(281, 'ar', 'ko', '아랍어'),
(282, 'ar', 'ku', 'Arabic'),
(283, 'ar', 'la', 'Arabic'),
(284, 'ar', 'lv', 'Arabic'),
(285, 'ar', 'lt', 'Arabic'),
(286, 'ar', 'mk', 'Arabic'),
(287, 'ar', 'mt', 'Arabic'),
(288, 'ar', 'mo', 'Arabic'),
(289, 'ar', 'mn', 'Arabic'),
(290, 'ar', 'ne', 'Arabic'),
(291, 'ar', 'nl', 'Arabisch'),
(292, 'ar', 'nb', 'Arabic'),
(293, 'ar', 'pa', 'Arabic'),
(294, 'ar', 'pl', 'arabski'),
(295, 'ar', 'pt-pt', 'Árabe'),
(296, 'ar', 'pt-br', 'Árabe'),
(297, 'ar', 'qu', 'Arabic'),
(298, 'ar', 'ro', 'Arabică'),
(299, 'ar', 'ru', 'Арабский'),
(300, 'ar', 'sl', 'Arabic') ;
INSERT INTO `wp_icl_languages_translations` ( `id`, `language_code`, `display_language_code`, `name`) VALUES
(301, 'ar', 'so', 'Arabic'),
(302, 'ar', 'sq', 'Arabic'),
(303, 'ar', 'sr', 'Arabic'),
(304, 'ar', 'sv', 'Arabiska'),
(305, 'ar', 'ta', 'Arabic'),
(306, 'ar', 'th', 'อารบิก'),
(307, 'ar', 'tr', 'Arapça'),
(308, 'ar', 'uk', 'Arabic'),
(309, 'ar', 'ur', 'Arabic'),
(310, 'ar', 'uz', 'Arabic'),
(311, 'ar', 'vi', 'Arabic'),
(312, 'ar', 'yi', 'Arabic'),
(313, 'ar', 'zh-hans', '阿拉伯语'),
(314, 'ar', 'zu', 'Arabic'),
(315, 'ar', 'zh-hant', '阿拉伯語'),
(316, 'bs', 'en', 'Bosnian'),
(317, 'bs', 'es', 'Bosnio'),
(318, 'bs', 'de', 'Bosnisch'),
(319, 'bs', 'fr', 'Bosnien'),
(320, 'bs', 'ar', 'البوسنية'),
(321, 'bs', 'bs', 'Bosnian'),
(322, 'bs', 'bg', 'Bosnian'),
(323, 'bs', 'ca', 'Bosnian'),
(324, 'bs', 'cs', 'Bosnian'),
(325, 'bs', 'sk', 'Bosniačtina'),
(326, 'bs', 'cy', 'Bosnian'),
(327, 'bs', 'da', 'Bosnian'),
(328, 'bs', 'el', 'Βοσνιακα'),
(329, 'bs', 'eo', 'Bosnian'),
(330, 'bs', 'et', 'Bosnian'),
(331, 'bs', 'eu', 'Bosnian'),
(332, 'bs', 'fa', 'Bosnian'),
(333, 'bs', 'fi', 'bosnia'),
(334, 'bs', 'ga', 'Bosnian'),
(335, 'bs', 'he', 'Bosnian'),
(336, 'bs', 'hi', 'Bosnian'),
(337, 'bs', 'hr', 'Bosnian'),
(338, 'bs', 'hu', 'bosnyák'),
(339, 'bs', 'hy', 'Bosnian'),
(340, 'bs', 'id', 'Bosnian'),
(341, 'bs', 'is', 'Bosnian'),
(342, 'bs', 'it', 'Bosniaco'),
(343, 'bs', 'ja', 'ボスニア語'),
(344, 'bs', 'ko', '보즈니아어'),
(345, 'bs', 'ku', 'Bosnian'),
(346, 'bs', 'la', 'Bosnian'),
(347, 'bs', 'lv', 'Bosnian'),
(348, 'bs', 'lt', 'Bosnian'),
(349, 'bs', 'mk', 'Bosnian'),
(350, 'bs', 'mt', 'Bosnian'),
(351, 'bs', 'mo', 'Bosnian'),
(352, 'bs', 'mn', 'Bosnian'),
(353, 'bs', 'ne', 'Bosnian'),
(354, 'bs', 'nl', 'Bosnisch'),
(355, 'bs', 'nb', 'Bosnian'),
(356, 'bs', 'pa', 'Bosnian'),
(357, 'bs', 'pl', 'bośniacki'),
(358, 'bs', 'pt-pt', 'Bósnio'),
(359, 'bs', 'pt-br', 'Bósnio'),
(360, 'bs', 'qu', 'Bosnian'),
(361, 'bs', 'ro', 'Bosniacă'),
(362, 'bs', 'ru', 'Боснийский'),
(363, 'bs', 'sl', 'Bosnian'),
(364, 'bs', 'so', 'Bosnian'),
(365, 'bs', 'sq', 'Bosnian'),
(366, 'bs', 'sr', 'Bosnian'),
(367, 'bs', 'sv', 'Bosniska'),
(368, 'bs', 'ta', 'Bosnian'),
(369, 'bs', 'th', 'บอสเนียน'),
(370, 'bs', 'tr', 'Boşnakça'),
(371, 'bs', 'uk', 'Bosnian'),
(372, 'bs', 'ur', 'Bosnian'),
(373, 'bs', 'uz', 'Bosnian'),
(374, 'bs', 'vi', 'Bosnian'),
(375, 'bs', 'yi', 'Bosnian'),
(376, 'bs', 'zh-hans', '波斯尼亚语'),
(377, 'bs', 'zu', 'Bosnian'),
(378, 'bs', 'zh-hant', '波士尼亞語'),
(379, 'bg', 'en', 'Bulgarian'),
(380, 'bg', 'es', 'Búlgaro'),
(381, 'bg', 'de', 'Bulgarisch'),
(382, 'bg', 'fr', 'Bulgare'),
(383, 'bg', 'ar', 'البلغارية'),
(384, 'bg', 'bs', 'Bulgarian'),
(385, 'bg', 'bg', 'Bulgarian'),
(386, 'bg', 'ca', 'Bulgarian'),
(387, 'bg', 'cs', 'Bulgarian'),
(388, 'bg', 'sk', 'Bulharčina'),
(389, 'bg', 'cy', 'Bulgarian'),
(390, 'bg', 'da', 'Bulgarian'),
(391, 'bg', 'el', 'Βουλγαρικα'),
(392, 'bg', 'eo', 'Bulgarian'),
(393, 'bg', 'et', 'Bulgarian'),
(394, 'bg', 'eu', 'Bulgarian'),
(395, 'bg', 'fa', 'Bulgarian'),
(396, 'bg', 'fi', 'bulgaria'),
(397, 'bg', 'ga', 'Bulgarian'),
(398, 'bg', 'he', 'Bulgarian'),
(399, 'bg', 'hi', 'Bulgarian'),
(400, 'bg', 'hr', 'Bulgarian') ;
INSERT INTO `wp_icl_languages_translations` ( `id`, `language_code`, `display_language_code`, `name`) VALUES
(401, 'bg', 'hu', 'bolgár'),
(402, 'bg', 'hy', 'Bulgarian'),
(403, 'bg', 'id', 'Bulgarian'),
(404, 'bg', 'is', 'Bulgarian'),
(405, 'bg', 'it', 'Bulgaro'),
(406, 'bg', 'ja', 'ブルガリア語'),
(407, 'bg', 'ko', '불가리아어'),
(408, 'bg', 'ku', 'Bulgarian'),
(409, 'bg', 'la', 'Bulgarian'),
(410, 'bg', 'lv', 'Bulgarian'),
(411, 'bg', 'lt', 'Bulgarian'),
(412, 'bg', 'mk', 'Bulgarian'),
(413, 'bg', 'mt', 'Bulgarian'),
(414, 'bg', 'mo', 'Bulgarian'),
(415, 'bg', 'mn', 'Bulgarian'),
(416, 'bg', 'ne', 'Bulgarian'),
(417, 'bg', 'nl', 'Bulgaars'),
(418, 'bg', 'nb', 'Bulgarian'),
(419, 'bg', 'pa', 'Bulgarian'),
(420, 'bg', 'pl', 'bułgarski'),
(421, 'bg', 'pt-pt', 'Búlgaro'),
(422, 'bg', 'pt-br', 'Búlgaro'),
(423, 'bg', 'qu', 'Bulgarian'),
(424, 'bg', 'ro', 'Bulgară'),
(425, 'bg', 'ru', 'Болгарский'),
(426, 'bg', 'sl', 'Bulgarian'),
(427, 'bg', 'so', 'Bulgarian'),
(428, 'bg', 'sq', 'Bulgarian'),
(429, 'bg', 'sr', 'Bulgarian'),
(430, 'bg', 'sv', 'Bulgariska'),
(431, 'bg', 'ta', 'Bulgarian'),
(432, 'bg', 'th', 'บัลแกเรียน'),
(433, 'bg', 'tr', 'Bulgarca'),
(434, 'bg', 'uk', 'Bulgarian'),
(435, 'bg', 'ur', 'Bulgarian'),
(436, 'bg', 'uz', 'Bulgarian'),
(437, 'bg', 'vi', 'Bulgarian'),
(438, 'bg', 'yi', 'Bulgarian'),
(439, 'bg', 'zh-hans', '保加利亚语'),
(440, 'bg', 'zu', 'Bulgarian'),
(441, 'bg', 'zh-hant', '保加利亞語'),
(442, 'ca', 'en', 'Catalan'),
(443, 'ca', 'es', 'Catalán'),
(444, 'ca', 'de', 'Katalanisch'),
(445, 'ca', 'fr', 'Catalan'),
(446, 'ca', 'ar', 'الكاتالوينية'),
(447, 'ca', 'bs', 'Catalan'),
(448, 'ca', 'bg', 'Catalan'),
(449, 'ca', 'ca', 'Català'),
(450, 'ca', 'cs', 'Catalan'),
(451, 'ca', 'sk', 'Katalánčina'),
(452, 'ca', 'cy', 'Catalan'),
(453, 'ca', 'da', 'Catalan'),
(454, 'ca', 'el', 'Καταλανικα'),
(455, 'ca', 'eo', 'Catalan'),
(456, 'ca', 'et', 'Catalan'),
(457, 'ca', 'eu', 'Catalan'),
(458, 'ca', 'fa', 'Catalan'),
(459, 'ca', 'fi', 'katalaani'),
(460, 'ca', 'ga', 'Catalan'),
(461, 'ca', 'he', 'Catalan'),
(462, 'ca', 'hi', 'Catalan'),
(463, 'ca', 'hr', 'Catalan'),
(464, 'ca', 'hu', 'katalán'),
(465, 'ca', 'hy', 'Catalan'),
(466, 'ca', 'id', 'Catalan'),
(467, 'ca', 'is', 'Catalan'),
(468, 'ca', 'it', 'Catalano'),
(469, 'ca', 'ja', 'カタルーニャ語'),
(470, 'ca', 'ko', '카탈로니아어'),
(471, 'ca', 'ku', 'Catalan'),
(472, 'ca', 'la', 'Catalan'),
(473, 'ca', 'lv', 'Catalan'),
(474, 'ca', 'lt', 'Catalan'),
(475, 'ca', 'mk', 'Catalan'),
(476, 'ca', 'mt', 'Catalan'),
(477, 'ca', 'mo', 'Catalan'),
(478, 'ca', 'mn', 'Catalan'),
(479, 'ca', 'ne', 'Catalan'),
(480, 'ca', 'nl', 'Catalaans'),
(481, 'ca', 'nb', 'Catalan'),
(482, 'ca', 'pa', 'Catalan'),
(483, 'ca', 'pl', 'kataloński'),
(484, 'ca', 'pt-pt', 'Catalão'),
(485, 'ca', 'pt-br', 'Catalão'),
(486, 'ca', 'qu', 'Catalan'),
(487, 'ca', 'ro', 'Catalană'),
(488, 'ca', 'ru', 'Каталанский'),
(489, 'ca', 'sl', 'Catalan'),
(490, 'ca', 'so', 'Catalan'),
(491, 'ca', 'sq', 'Catalan'),
(492, 'ca', 'sr', 'Catalan'),
(493, 'ca', 'sv', 'Katalanska'),
(494, 'ca', 'ta', 'Catalan'),
(495, 'ca', 'th', 'คะตะลาน'),
(496, 'ca', 'tr', 'Katalan dili'),
(497, 'ca', 'uk', 'Catalan'),
(498, 'ca', 'ur', 'Catalan'),
(499, 'ca', 'uz', 'Catalan'),
(500, 'ca', 'vi', 'Catalan') ;
INSERT INTO `wp_icl_languages_translations` ( `id`, `language_code`, `display_language_code`, `name`) VALUES
(501, 'ca', 'yi', 'Catalan'),
(502, 'ca', 'zh-hans', '加泰罗尼亚语'),
(503, 'ca', 'zu', 'Catalan'),
(504, 'ca', 'zh-hant', '加泰羅尼亞語'),
(505, 'cs', 'en', 'Czech'),
(506, 'cs', 'es', 'Checo'),
(507, 'cs', 'de', 'Tschechisch'),
(508, 'cs', 'fr', 'Tchèque'),
(509, 'cs', 'ar', 'التشيكية'),
(510, 'cs', 'bs', 'Czech'),
(511, 'cs', 'bg', 'Czech'),
(512, 'cs', 'ca', 'Czech'),
(513, 'cs', 'cs', 'Čeština'),
(514, 'cs', 'sk', 'Čeština'),
(515, 'cs', 'cy', 'Czech'),
(516, 'cs', 'da', 'Czech'),
(517, 'cs', 'el', 'Τσεχικη'),
(518, 'cs', 'eo', 'Czech'),
(519, 'cs', 'et', 'Czech'),
(520, 'cs', 'eu', 'Czech'),
(521, 'cs', 'fa', 'Czech'),
(522, 'cs', 'fi', 'tsekki'),
(523, 'cs', 'ga', 'Czech'),
(524, 'cs', 'he', 'Czech'),
(525, 'cs', 'hi', 'Czech'),
(526, 'cs', 'hr', 'Czech'),
(527, 'cs', 'hu', 'cseh'),
(528, 'cs', 'hy', 'Czech'),
(529, 'cs', 'id', 'Czech'),
(530, 'cs', 'is', 'Czech'),
(531, 'cs', 'it', 'Ceco'),
(532, 'cs', 'ja', 'チェコ語'),
(533, 'cs', 'ko', '체코슬로바키아어'),
(534, 'cs', 'ku', 'Czech'),
(535, 'cs', 'la', 'Czech'),
(536, 'cs', 'lv', 'Czech'),
(537, 'cs', 'lt', 'Czech'),
(538, 'cs', 'mk', 'Czech'),
(539, 'cs', 'mt', 'Czech'),
(540, 'cs', 'mo', 'Czech'),
(541, 'cs', 'mn', 'Czech'),
(542, 'cs', 'ne', 'Czech'),
(543, 'cs', 'nl', 'Tsjechisch'),
(544, 'cs', 'nb', 'Czech'),
(545, 'cs', 'pa', 'Czech'),
(546, 'cs', 'pl', 'czeski'),
(547, 'cs', 'pt-pt', 'Checa'),
(548, 'cs', 'pt-br', 'Checa'),
(549, 'cs', 'qu', 'Czech'),
(550, 'cs', 'ro', 'Cehă'),
(551, 'cs', 'ru', 'Чешский'),
(552, 'cs', 'sl', 'Czech'),
(553, 'cs', 'so', 'Czech'),
(554, 'cs', 'sq', 'Czech'),
(555, 'cs', 'sr', 'Czech'),
(556, 'cs', 'sv', 'Tjeckiska'),
(557, 'cs', 'ta', 'Czech'),
(558, 'cs', 'th', 'เช็ก'),
(559, 'cs', 'tr', 'Çekçe'),
(560, 'cs', 'uk', 'Czech'),
(561, 'cs', 'ur', 'Czech'),
(562, 'cs', 'uz', 'Czech'),
(563, 'cs', 'vi', 'Czech'),
(564, 'cs', 'yi', 'Czech'),
(565, 'cs', 'zh-hans', '捷克语'),
(566, 'cs', 'zu', 'Czech'),
(567, 'cs', 'zh-hant', '捷克語'),
(568, 'sk', 'en', 'Slovak'),
(569, 'sk', 'es', 'Eslavo'),
(570, 'sk', 'de', 'Slawisch'),
(571, 'sk', 'fr', 'Slave'),
(572, 'sk', 'ar', 'السلافية'),
(573, 'sk', 'bs', 'Slovak'),
(574, 'sk', 'bg', 'Slovak'),
(575, 'sk', 'ca', 'Slovak'),
(576, 'sk', 'cs', 'Slovak'),
(577, 'sk', 'sk', 'Slovenčina'),
(578, 'sk', 'cy', 'Slovak'),
(579, 'sk', 'da', 'Slovak'),
(580, 'sk', 'el', 'Σλαβικη'),
(581, 'sk', 'eo', 'Slovak'),
(582, 'sk', 'et', 'Slovak'),
(583, 'sk', 'eu', 'Slovak'),
(584, 'sk', 'fa', 'Slovak'),
(585, 'sk', 'fi', 'slaavi'),
(586, 'sk', 'ga', 'Slovak'),
(587, 'sk', 'he', 'Slavic'),
(588, 'sk', 'hi', 'Slovak'),
(589, 'sk', 'hr', 'Slovak'),
(590, 'sk', 'hu', 'szláv'),
(591, 'sk', 'hy', 'Slovak'),
(592, 'sk', 'id', 'Slovak'),
(593, 'sk', 'is', 'Slovak'),
(594, 'sk', 'it', 'Slavo'),
(595, 'sk', 'ja', 'スラヴ語派'),
(596, 'sk', 'ko', '슬라브어'),
(597, 'sk', 'ku', 'Slovak'),
(598, 'sk', 'la', 'Slovak'),
(599, 'sk', 'lv', 'Slovak'),
(600, 'sk', 'lt', 'Slovak') ;
INSERT INTO `wp_icl_languages_translations` ( `id`, `language_code`, `display_language_code`, `name`) VALUES
(601, 'sk', 'mk', 'Slovak'),
(602, 'sk', 'mt', 'Slovak'),
(603, 'sk', 'mo', 'Slovak'),
(604, 'sk', 'mn', 'Slovak'),
(605, 'sk', 'ne', 'Slovak'),
(606, 'sk', 'nl', 'Slavisch'),
(607, 'sk', 'nb', 'Slovak'),
(608, 'sk', 'pa', 'Slovak'),
(609, 'sk', 'pl', 'słowiański'),
(610, 'sk', 'pt-pt', 'Eslava'),
(611, 'sk', 'pt-br', 'Eslava'),
(612, 'sk', 'qu', 'Slovak'),
(613, 'sk', 'ro', 'Slavă'),
(614, 'sk', 'ru', 'Славянский'),
(615, 'sk', 'sl', 'Slovak'),
(616, 'sk', 'so', 'Slovak'),
(617, 'sk', 'sq', 'Slovak'),
(618, 'sk', 'sr', 'Slovak'),
(619, 'sk', 'sv', 'Slavisk'),
(620, 'sk', 'ta', 'Slovak'),
(621, 'sk', 'th', 'สลาวิก'),
(622, 'sk', 'tr', 'Slav dili'),
(623, 'sk', 'uk', 'Slovak'),
(624, 'sk', 'ur', 'Slovak'),
(625, 'sk', 'uz', 'Slovak'),
(626, 'sk', 'vi', 'Slovak'),
(627, 'sk', 'yi', 'Slovak'),
(628, 'sk', 'zh-hans', '斯拉夫语'),
(629, 'sk', 'zu', 'Slovak'),
(630, 'sk', 'zh-hant', '斯拉夫語'),
(631, 'cy', 'en', 'Welsh'),
(632, 'cy', 'es', 'Galés'),
(633, 'cy', 'de', 'Walisisch'),
(634, 'cy', 'fr', 'Gallois'),
(635, 'cy', 'ar', 'الولزية'),
(636, 'cy', 'bs', 'Welsh'),
(637, 'cy', 'bg', 'Welsh'),
(638, 'cy', 'ca', 'Welsh'),
(639, 'cy', 'cs', 'Welsh'),
(640, 'cy', 'sk', 'Welština'),
(641, 'cy', 'cy', 'Cymraeg'),
(642, 'cy', 'da', 'Welsh'),
(643, 'cy', 'el', 'Welsh'),
(644, 'cy', 'eo', 'Welsh'),
(645, 'cy', 'et', 'Welsh'),
(646, 'cy', 'eu', 'Welsh'),
(647, 'cy', 'fa', 'Welsh'),
(648, 'cy', 'fi', 'kymri'),
(649, 'cy', 'ga', 'Welsh'),
(650, 'cy', 'he', 'Welsh'),
(651, 'cy', 'hi', 'Welsh'),
(652, 'cy', 'hr', 'Welsh'),
(653, 'cy', 'hu', 'vels'),
(654, 'cy', 'hy', 'Welsh'),
(655, 'cy', 'id', 'Welsh'),
(656, 'cy', 'is', 'Welsh'),
(657, 'cy', 'it', 'Gallese'),
(658, 'cy', 'ja', 'ウェールズ語'),
(659, 'cy', 'ko', '웨일즈어'),
(660, 'cy', 'ku', 'Welsh'),
(661, 'cy', 'la', 'Welsh'),
(662, 'cy', 'lv', 'Welsh'),
(663, 'cy', 'lt', 'Welsh'),
(664, 'cy', 'mk', 'Welsh'),
(665, 'cy', 'mt', 'Welsh'),
(666, 'cy', 'mo', 'Welsh'),
(667, 'cy', 'mn', 'Welsh'),
(668, 'cy', 'ne', 'Welsh'),
(669, 'cy', 'nl', 'Welsh'),
(670, 'cy', 'nb', 'Welsh'),
(671, 'cy', 'pa', 'Welsh'),
(672, 'cy', 'pl', 'walijski'),
(673, 'cy', 'pt-pt', 'Welsh'),
(674, 'cy', 'pt-br', 'Welsh'),
(675, 'cy', 'qu', 'Welsh'),
(676, 'cy', 'ro', 'Galeză'),
(677, 'cy', 'ru', 'Валлийский'),
(678, 'cy', 'sl', 'Welsh'),
(679, 'cy', 'so', 'Welsh'),
(680, 'cy', 'sq', 'Welsh'),
(681, 'cy', 'sr', 'Welsh'),
(682, 'cy', 'sv', 'Walesiska'),
(683, 'cy', 'ta', 'Welsh'),
(684, 'cy', 'th', 'เวลช์'),
(685, 'cy', 'tr', 'Galce'),
(686, 'cy', 'uk', 'Welsh'),
(687, 'cy', 'ur', 'Welsh'),
(688, 'cy', 'uz', 'Welsh'),
(689, 'cy', 'vi', 'Welsh'),
(690, 'cy', 'yi', 'Welsh'),
(691, 'cy', 'zh-hans', '威尔士语'),
(692, 'cy', 'zu', 'Welsh'),
(693, 'cy', 'zh-hant', '威爾士語'),
(694, 'da', 'en', 'Danish'),
(695, 'da', 'es', 'Danés'),
(696, 'da', 'de', 'Dänisch'),
(697, 'da', 'fr', 'Danois'),
(698, 'da', 'ar', 'الدانماركية'),
(699, 'da', 'bs', 'Danish'),
(700, 'da', 'bg', 'Danish') ;
INSERT INTO `wp_icl_languages_translations` ( `id`, `language_code`, `display_language_code`, `name`) VALUES
(701, 'da', 'ca', 'Danish'),
(702, 'da', 'cs', 'Danish'),
(703, 'da', 'sk', 'Dánčina'),
(704, 'da', 'cy', 'Danish'),
(705, 'da', 'da', 'Dansk'),
(706, 'da', 'el', 'Δανεζικα'),
(707, 'da', 'eo', 'Danish'),
(708, 'da', 'et', 'Danish'),
(709, 'da', 'eu', 'Danish'),
(710, 'da', 'fa', 'Danish'),
(711, 'da', 'fi', 'tanska'),
(712, 'da', 'ga', 'Danish'),
(713, 'da', 'he', 'דנית'),
(714, 'da', 'hi', 'Danish'),
(715, 'da', 'hr', 'Danish'),
(716, 'da', 'hu', 'dán'),
(717, 'da', 'hy', 'Danish'),
(718, 'da', 'id', 'Danish'),
(719, 'da', 'is', 'Danish'),
(720, 'da', 'it', 'Danese'),
(721, 'da', 'ja', 'デンマーク語'),
(722, 'da', 'ko', '덴마크어'),
(723, 'da', 'ku', 'Danish'),
(724, 'da', 'la', 'Danish'),
(725, 'da', 'lv', 'Danish'),
(726, 'da', 'lt', 'Danish'),
(727, 'da', 'mk', 'Danish'),
(728, 'da', 'mt', 'Danish'),
(729, 'da', 'mo', 'Danish'),
(730, 'da', 'mn', 'Danish'),
(731, 'da', 'ne', 'Danish'),
(732, 'da', 'nl', 'Deens'),
(733, 'da', 'nb', 'Danish'),
(734, 'da', 'pa', 'Danish'),
(735, 'da', 'pl', 'duński'),
(736, 'da', 'pt-pt', 'Dinamarquês'),
(737, 'da', 'pt-br', 'Dinamarquês'),
(738, 'da', 'qu', 'Danish'),
(739, 'da', 'ro', 'Daneză'),
(740, 'da', 'ru', 'Датский'),
(741, 'da', 'sl', 'Danish'),
(742, 'da', 'so', 'Danish'),
(743, 'da', 'sq', 'Danish'),
(744, 'da', 'sr', 'Danish'),
(745, 'da', 'sv', 'Danska'),
(746, 'da', 'ta', 'Danish'),
(747, 'da', 'th', 'เดนมาร์ก'),
(748, 'da', 'tr', 'Danca'),
(749, 'da', 'uk', 'Danish'),
(750, 'da', 'ur', 'Danish'),
(751, 'da', 'uz', 'Danish'),
(752, 'da', 'vi', 'Danish'),
(753, 'da', 'yi', 'Danish'),
(754, 'da', 'zh-hans', '丹麦语'),
(755, 'da', 'zu', 'Danish'),
(756, 'da', 'zh-hant', '丹麥語'),
(757, 'el', 'en', 'Greek'),
(758, 'el', 'es', 'Griego'),
(759, 'el', 'de', 'Griechisch'),
(760, 'el', 'fr', 'Grec moderne'),
(761, 'el', 'ar', 'اليونانية'),
(762, 'el', 'bs', 'Greek'),
(763, 'el', 'bg', 'Greek'),
(764, 'el', 'ca', 'Greek'),
(765, 'el', 'cs', 'Greek'),
(766, 'el', 'sk', 'Gréčtina'),
(767, 'el', 'cy', 'Greek'),
(768, 'el', 'da', 'Greek'),
(769, 'el', 'el', 'Ελληνικα'),
(770, 'el', 'eo', 'Greek'),
(771, 'el', 'et', 'Greek'),
(772, 'el', 'eu', 'Greek'),
(773, 'el', 'fa', 'Greek'),
(774, 'el', 'fi', 'kreikka'),
(775, 'el', 'ga', 'Greek'),
(776, 'el', 'he', 'יוונית'),
(777, 'el', 'hi', 'Greek'),
(778, 'el', 'hr', 'Greek'),
(779, 'el', 'hu', 'görög'),
(780, 'el', 'hy', 'Greek'),
(781, 'el', 'id', 'Greek'),
(782, 'el', 'is', 'Greek'),
(783, 'el', 'it', 'Greco'),
(784, 'el', 'ja', 'ギリシア語'),
(785, 'el', 'ko', '그리스어'),
(786, 'el', 'ku', 'Greek'),
(787, 'el', 'la', 'Greek'),
(788, 'el', 'lv', 'Greek'),
(789, 'el', 'lt', 'Greek'),
(790, 'el', 'mk', 'Greek'),
(791, 'el', 'mt', 'Greek'),
(792, 'el', 'mo', 'Greek'),
(793, 'el', 'mn', 'Greek'),
(794, 'el', 'ne', 'Greek'),
(795, 'el', 'nl', 'Grieks'),
(796, 'el', 'nb', 'Greek'),
(797, 'el', 'pa', 'Greek'),
(798, 'el', 'pl', 'grecki'),
(799, 'el', 'pt-pt', 'Grego'),
(800, 'el', 'pt-br', 'Grego') ;
INSERT INTO `wp_icl_languages_translations` ( `id`, `language_code`, `display_language_code`, `name`) VALUES
(801, 'el', 'qu', 'Greek'),
(802, 'el', 'ro', 'Greacă'),
(803, 'el', 'ru', 'Греческий'),
(804, 'el', 'sl', 'Greek'),
(805, 'el', 'so', 'Greek'),
(806, 'el', 'sq', 'Greek'),
(807, 'el', 'sr', 'Greek'),
(808, 'el', 'sv', 'Grekiska'),
(809, 'el', 'ta', 'Greek'),
(810, 'el', 'th', 'กรีก'),
(811, 'el', 'tr', 'Yunanca'),
(812, 'el', 'uk', 'Greek'),
(813, 'el', 'ur', 'Greek'),
(814, 'el', 'uz', 'Greek'),
(815, 'el', 'vi', 'Greek'),
(816, 'el', 'yi', 'Greek'),
(817, 'el', 'zh-hans', '希腊语'),
(818, 'el', 'zu', 'Greek'),
(819, 'el', 'zh-hant', '希臘語'),
(820, 'eo', 'en', 'Esperanto'),
(821, 'eo', 'es', 'Esperanto'),
(822, 'eo', 'de', 'Esperanto'),
(823, 'eo', 'fr', 'Espéranto'),
(824, 'eo', 'ar', 'الاسبرانتو'),
(825, 'eo', 'bs', 'Esperanto'),
(826, 'eo', 'bg', 'Esperanto'),
(827, 'eo', 'ca', 'Esperanto'),
(828, 'eo', 'cs', 'Esperanto'),
(829, 'eo', 'sk', 'Esperanto'),
(830, 'eo', 'cy', 'Esperanto'),
(831, 'eo', 'da', 'Esperanto'),
(832, 'eo', 'el', 'Εσπεραντο'),
(833, 'eo', 'eo', 'Esperanto'),
(834, 'eo', 'et', 'Esperanto'),
(835, 'eo', 'eu', 'Esperanto'),
(836, 'eo', 'fa', 'Esperanto'),
(837, 'eo', 'fi', 'esperanto'),
(838, 'eo', 'ga', 'Esperanto'),
(839, 'eo', 'he', 'Esperanto'),
(840, 'eo', 'hi', 'Esperanto'),
(841, 'eo', 'hr', 'Esperanto'),
(842, 'eo', 'hu', 'eszperantó'),
(843, 'eo', 'hy', 'Esperanto'),
(844, 'eo', 'id', 'Esperanto'),
(845, 'eo', 'is', 'Esperanto'),
(846, 'eo', 'it', 'Esperanto'),
(847, 'eo', 'ja', 'エスペラント語'),
(848, 'eo', 'ko', '에스페란토어'),
(849, 'eo', 'ku', 'Esperanto'),
(850, 'eo', 'la', 'Esperanto'),
(851, 'eo', 'lv', 'Esperanto'),
(852, 'eo', 'lt', 'Esperanto'),
(853, 'eo', 'mk', 'Esperanto'),
(854, 'eo', 'mt', 'Esperanto'),
(855, 'eo', 'mo', 'Esperanto'),
(856, 'eo', 'mn', 'Esperanto'),
(857, 'eo', 'ne', 'Esperanto'),
(858, 'eo', 'nl', 'Esperanto'),
(859, 'eo', 'nb', 'Esperanto'),
(860, 'eo', 'pa', 'Esperanto'),
(861, 'eo', 'pl', 'esperanto'),
(862, 'eo', 'pt-pt', 'Esperanto'),
(863, 'eo', 'pt-br', 'Esperanto'),
(864, 'eo', 'qu', 'Esperanto'),
(865, 'eo', 'ro', 'Esperanto'),
(866, 'eo', 'ru', 'Эсперанто'),
(867, 'eo', 'sl', 'Esperanto'),
(868, 'eo', 'so', 'Esperanto'),
(869, 'eo', 'sq', 'Esperanto'),
(870, 'eo', 'sr', 'Esperanto'),
(871, 'eo', 'sv', 'Esperanto'),
(872, 'eo', 'ta', 'Esperanto'),
(873, 'eo', 'th', 'เอสเปอรันโต'),
(874, 'eo', 'tr', 'Esperanto'),
(875, 'eo', 'uk', 'Esperanto'),
(876, 'eo', 'ur', 'Esperanto'),
(877, 'eo', 'uz', 'Esperanto'),
(878, 'eo', 'vi', 'Esperanto'),
(879, 'eo', 'yi', 'Esperanto'),
(880, 'eo', 'zh-hans', '世界语'),
(881, 'eo', 'zu', 'Esperanto'),
(882, 'eo', 'zh-hant', '世界語'),
(883, 'et', 'en', 'Estonian'),
(884, 'et', 'es', 'Estonio'),
(885, 'et', 'de', 'Estnisch'),
(886, 'et', 'fr', 'Estonien'),
(887, 'et', 'ar', 'الأستونية'),
(888, 'et', 'bs', 'Estonian'),
(889, 'et', 'bg', 'Estonian'),
(890, 'et', 'ca', 'Estonian'),
(891, 'et', 'cs', 'Estonian'),
(892, 'et', 'sk', 'Estónčina'),
(893, 'et', 'cy', 'Estonian'),
(894, 'et', 'da', 'Estonian'),
(895, 'et', 'el', 'Εσθονικα'),
(896, 'et', 'eo', 'Estonian'),
(897, 'et', 'et', 'Eesti'),
(898, 'et', 'eu', 'Estonian'),
(899, 'et', 'fa', 'Estonian'),
(900, 'et', 'fi', 'eesti') ;
INSERT INTO `wp_icl_languages_translations` ( `id`, `language_code`, `display_language_code`, `name`) VALUES
(901, 'et', 'ga', 'Estonian'),
(902, 'et', 'he', 'Estonian'),
(903, 'et', 'hi', 'Estonian'),
(904, 'et', 'hr', 'Estonian'),
(905, 'et', 'hu', 'észt'),
(906, 'et', 'hy', 'Estonian'),
(907, 'et', 'id', 'Estonian'),
(908, 'et', 'is', 'Estonian'),
(909, 'et', 'it', 'Estone'),
(910, 'et', 'ja', 'エストニア語'),
(911, 'et', 'ko', '에스토니아어'),
(912, 'et', 'ku', 'Estonian'),
(913, 'et', 'la', 'Estonian'),
(914, 'et', 'lv', 'Estonian'),
(915, 'et', 'lt', 'Estonian'),
(916, 'et', 'mk', 'Estonian'),
(917, 'et', 'mt', 'Estonian'),
(918, 'et', 'mo', 'Estonian'),
(919, 'et', 'mn', 'Estonian'),
(920, 'et', 'ne', 'Estonian'),
(921, 'et', 'nl', 'Ests'),
(922, 'et', 'nb', 'Estonian'),
(923, 'et', 'pa', 'Estonian'),
(924, 'et', 'pl', 'estoński'),
(925, 'et', 'pt-pt', 'Estoniano'),
(926, 'et', 'pt-br', 'Estoniano'),
(927, 'et', 'qu', 'Estonian'),
(928, 'et', 'ro', 'Estoniană'),
(929, 'et', 'ru', 'Эстонский'),
(930, 'et', 'sl', 'Estonian'),
(931, 'et', 'so', 'Estonian'),
(932, 'et', 'sq', 'Estonian'),
(933, 'et', 'sr', 'Estonian'),
(934, 'et', 'sv', 'Estniska'),
(935, 'et', 'ta', 'Estonian'),
(936, 'et', 'th', 'เอสโตเนียน'),
(937, 'et', 'tr', 'Estonya dili'),
(938, 'et', 'uk', 'Estonian'),
(939, 'et', 'ur', 'Estonian'),
(940, 'et', 'uz', 'Estonian'),
(941, 'et', 'vi', 'Estonian'),
(942, 'et', 'yi', 'Estonian'),
(943, 'et', 'zh-hans', '爱沙尼亚语'),
(944, 'et', 'zu', 'Estonian'),
(945, 'et', 'zh-hant', '愛沙尼亞語'),
(946, 'eu', 'en', 'Basque'),
(947, 'eu', 'es', 'Euskera'),
(948, 'eu', 'de', 'Baskisch'),
(949, 'eu', 'fr', 'Basque'),
(950, 'eu', 'ar', 'لغة الباسك'),
(951, 'eu', 'bs', 'Basque'),
(952, 'eu', 'bg', 'Basque'),
(953, 'eu', 'ca', 'Basque'),
(954, 'eu', 'cs', 'Basque'),
(955, 'eu', 'sk', 'Baskičtina'),
(956, 'eu', 'cy', 'Basque'),
(957, 'eu', 'da', 'Basque'),
(958, 'eu', 'el', 'Βασκικα'),
(959, 'eu', 'eo', 'Basque'),
(960, 'eu', 'et', 'Basque'),
(961, 'eu', 'eu', 'Euskara'),
(962, 'eu', 'fa', 'Basque'),
(963, 'eu', 'fi', 'baski'),
(964, 'eu', 'ga', 'Basque'),
(965, 'eu', 'he', 'Basque'),
(966, 'eu', 'hi', 'Basque'),
(967, 'eu', 'hr', 'Basque'),
(968, 'eu', 'hu', 'baszk'),
(969, 'eu', 'hy', 'Basque'),
(970, 'eu', 'id', 'Basque'),
(971, 'eu', 'is', 'Basque'),
(972, 'eu', 'it', 'Basco'),
(973, 'eu', 'ja', 'バスク語'),
(974, 'eu', 'ko', '바스크어'),
(975, 'eu', 'ku', 'Basque'),
(976, 'eu', 'la', 'Basque'),
(977, 'eu', 'lv', 'Basque'),
(978, 'eu', 'lt', 'Basque'),
(979, 'eu', 'mk', 'Basque'),
(980, 'eu', 'mt', 'Basque'),
(981, 'eu', 'mo', 'Basque'),
(982, 'eu', 'mn', 'Basque'),
(983, 'eu', 'ne', 'Basque'),
(984, 'eu', 'nl', 'Baskisch'),
(985, 'eu', 'nb', 'Basque'),
(986, 'eu', 'pa', 'Basque'),
(987, 'eu', 'pl', 'baskijski'),
(988, 'eu', 'pt-pt', 'Basco'),
(989, 'eu', 'pt-br', 'Basco'),
(990, 'eu', 'qu', 'Basque'),
(991, 'eu', 'ro', 'Bască'),
(992, 'eu', 'ru', 'Баскский'),
(993, 'eu', 'sl', 'Basque'),
(994, 'eu', 'so', 'Basque'),
(995, 'eu', 'sq', 'Basque'),
(996, 'eu', 'sr', 'Basque'),
(997, 'eu', 'sv', 'Baskiska'),
(998, 'eu', 'ta', 'Basque'),
(999, 'eu', 'th', 'บาสค์'),
(1000, 'eu', 'tr', 'Bask dili') ;
INSERT INTO `wp_icl_languages_translations` ( `id`, `language_code`, `display_language_code`, `name`) VALUES
(1001, 'eu', 'uk', 'Basque'),
(1002, 'eu', 'ur', 'Basque'),
(1003, 'eu', 'uz', 'Basque'),
(1004, 'eu', 'vi', 'Basque'),
(1005, 'eu', 'yi', 'Basque'),
(1006, 'eu', 'zh-hans', '巴斯克语'),
(1007, 'eu', 'zu', 'Basque'),
(1008, 'eu', 'zh-hant', '巴斯克語'),
(1009, 'fa', 'en', 'Persian'),
(1010, 'fa', 'es', 'Persa'),
(1011, 'fa', 'de', 'Persisch'),
(1012, 'fa', 'fr', 'Perse'),
(1013, 'fa', 'ar', 'الفارسية'),
(1014, 'fa', 'bs', 'Persian'),
(1015, 'fa', 'bg', 'Persian'),
(1016, 'fa', 'ca', 'Persian'),
(1017, 'fa', 'cs', 'Persian'),
(1018, 'fa', 'sk', 'Perzština'),
(1019, 'fa', 'cy', 'Persian'),
(1020, 'fa', 'da', 'Persian'),
(1021, 'fa', 'el', 'Περσικος'),
(1022, 'fa', 'eo', 'Persian'),
(1023, 'fa', 'et', 'Persian'),
(1024, 'fa', 'eu', 'Persian'),
(1025, 'fa', 'fa', 'پارسی'),
(1026, 'fa', 'fi', 'persia'),
(1027, 'fa', 'ga', 'Persian'),
(1028, 'fa', 'he', 'פרסית'),
(1029, 'fa', 'hi', 'Persian'),
(1030, 'fa', 'hr', 'Persian'),
(1031, 'fa', 'hu', 'perzsa'),
(1032, 'fa', 'hy', 'Persian'),
(1033, 'fa', 'id', 'Persian'),
(1034, 'fa', 'is', 'Persian'),
(1035, 'fa', 'it', 'Persiano'),
(1036, 'fa', 'ja', 'ペルシア語'),
(1037, 'fa', 'ko', '페르시아어'),
(1038, 'fa', 'ku', 'Persian'),
(1039, 'fa', 'la', 'Persian'),
(1040, 'fa', 'lv', 'Persian'),
(1041, 'fa', 'lt', 'Persian'),
(1042, 'fa', 'mk', 'Persian'),
(1043, 'fa', 'mt', 'Persian'),
(1044, 'fa', 'mo', 'Persian'),
(1045, 'fa', 'mn', 'Persian'),
(1046, 'fa', 'ne', 'Persian'),
(1047, 'fa', 'nl', 'Perzisch'),
(1048, 'fa', 'nb', 'Persian'),
(1049, 'fa', 'pa', 'Persian'),
(1050, 'fa', 'pl', 'perski'),
(1051, 'fa', 'pt-pt', 'Persa'),
(1052, 'fa', 'pt-br', 'Persa'),
(1053, 'fa', 'qu', 'Persian'),
(1054, 'fa', 'ro', 'Persană'),
(1055, 'fa', 'ru', 'Персидский'),
(1056, 'fa', 'sl', 'Persian'),
(1057, 'fa', 'so', 'Persian'),
(1058, 'fa', 'sq', 'Persian'),
(1059, 'fa', 'sr', 'Persian'),
(1060, 'fa', 'sv', 'Persiska'),
(1061, 'fa', 'ta', 'Persian'),
(1062, 'fa', 'th', 'เปอร์เซียน'),
(1063, 'fa', 'tr', 'Farsça'),
(1064, 'fa', 'uk', 'Persian'),
(1065, 'fa', 'ur', 'Persian'),
(1066, 'fa', 'uz', 'Persian'),
(1067, 'fa', 'vi', 'Persian'),
(1068, 'fa', 'yi', 'Persian'),
(1069, 'fa', 'zh-hans', '波斯语'),
(1070, 'fa', 'zu', 'Persian'),
(1071, 'fa', 'zh-hant', '波斯語'),
(1072, 'fi', 'en', 'Finnish'),
(1073, 'fi', 'es', 'Finlandés'),
(1074, 'fi', 'de', 'Finnisch'),
(1075, 'fi', 'fr', 'Finnois'),
(1076, 'fi', 'ar', 'الفنلندية'),
(1077, 'fi', 'bs', 'Finnish'),
(1078, 'fi', 'bg', 'Finnish'),
(1079, 'fi', 'ca', 'Finnish'),
(1080, 'fi', 'cs', 'Finnish'),
(1081, 'fi', 'sk', 'Fínština'),
(1082, 'fi', 'cy', 'Finnish'),
(1083, 'fi', 'da', 'Finnish'),
(1084, 'fi', 'el', 'Φινλανδικη'),
(1085, 'fi', 'eo', 'Finnish'),
(1086, 'fi', 'et', 'Finnish'),
(1087, 'fi', 'eu', 'Finnish'),
(1088, 'fi', 'fa', 'Finnish'),
(1089, 'fi', 'fi', 'Suomi'),
(1090, 'fi', 'ga', 'Finnish'),
(1091, 'fi', 'he', 'פינית'),
(1092, 'fi', 'hi', 'Finnish'),
(1093, 'fi', 'hr', 'Finnish'),
(1094, 'fi', 'hu', 'finn'),
(1095, 'fi', 'hy', 'Finnish'),
(1096, 'fi', 'id', 'Finnish'),
(1097, 'fi', 'is', 'Finnish'),
(1098, 'fi', 'it', 'Finlandese'),
(1099, 'fi', 'ja', 'フィンランド語'),
(1100, 'fi', 'ko', '핀란드어') ;
INSERT INTO `wp_icl_languages_translations` ( `id`, `language_code`, `display_language_code`, `name`) VALUES
(1101, 'fi', 'ku', 'Finnish'),
(1102, 'fi', 'la', 'Finnish'),
(1103, 'fi', 'lv', 'Finnish'),
(1104, 'fi', 'lt', 'Finnish'),
(1105, 'fi', 'mk', 'Finnish'),
(1106, 'fi', 'mt', 'Finnish'),
(1107, 'fi', 'mo', 'Finnish'),
(1108, 'fi', 'mn', 'Finnish'),
(1109, 'fi', 'ne', 'Finnish'),
(1110, 'fi', 'nl', 'Fins'),
(1111, 'fi', 'nb', 'Finnish'),
(1112, 'fi', 'pa', 'Finnish'),
(1113, 'fi', 'pl', 'fiński'),
(1114, 'fi', 'pt-pt', 'Finlandês'),
(1115, 'fi', 'pt-br', 'Finlandês'),
(1116, 'fi', 'qu', 'Finnish'),
(1117, 'fi', 'ro', 'Finlandeză'),
(1118, 'fi', 'ru', 'Финский'),
(1119, 'fi', 'sl', 'Finnish'),
(1120, 'fi', 'so', 'Finnish'),
(1121, 'fi', 'sq', 'Finnish'),
(1122, 'fi', 'sr', 'Finnish'),
(1123, 'fi', 'sv', 'Finska'),
(1124, 'fi', 'ta', 'Finnish'),
(1125, 'fi', 'th', 'ฟินนิช'),
(1126, 'fi', 'tr', 'Fince'),
(1127, 'fi', 'uk', 'Finnish'),
(1128, 'fi', 'ur', 'Finnish'),
(1129, 'fi', 'uz', 'Finnish'),
(1130, 'fi', 'vi', 'Finnish'),
(1131, 'fi', 'yi', 'Finnish'),
(1132, 'fi', 'zh-hans', '芬兰语'),
(1133, 'fi', 'zu', 'Finnish'),
(1134, 'fi', 'zh-hant', '芬蘭語'),
(1135, 'ga', 'en', 'Irish'),
(1136, 'ga', 'es', 'Irlandés'),
(1137, 'ga', 'de', 'Irisch'),
(1138, 'ga', 'fr', 'Irlandais'),
(1139, 'ga', 'ar', 'الأيرلندية'),
(1140, 'ga', 'bs', 'Irish'),
(1141, 'ga', 'bg', 'Irish'),
(1142, 'ga', 'ca', 'Irish'),
(1143, 'ga', 'cs', 'Irish'),
(1144, 'ga', 'sk', 'Írština'),
(1145, 'ga', 'cy', 'Irish'),
(1146, 'ga', 'da', 'Irish'),
(1147, 'ga', 'el', 'Ιρλανδικα'),
(1148, 'ga', 'eo', 'Irish'),
(1149, 'ga', 'et', 'Irish'),
(1150, 'ga', 'eu', 'Irish'),
(1151, 'ga', 'fa', 'Irish'),
(1152, 'ga', 'fi', 'iiri'),
(1153, 'ga', 'ga', 'Gaeilge'),
(1154, 'ga', 'he', 'אירית'),
(1155, 'ga', 'hi', 'Irish'),
(1156, 'ga', 'hr', 'Irish'),
(1157, 'ga', 'hu', 'ír'),
(1158, 'ga', 'hy', 'Irish'),
(1159, 'ga', 'id', 'Irish'),
(1160, 'ga', 'is', 'Irish'),
(1161, 'ga', 'it', 'Irlandese'),
(1162, 'ga', 'ja', 'アイルランド語'),
(1163, 'ga', 'ko', '아일랜드어'),
(1164, 'ga', 'ku', 'Irish'),
(1165, 'ga', 'la', 'Irish'),
(1166, 'ga', 'lv', 'Irish'),
(1167, 'ga', 'lt', 'Irish'),
(1168, 'ga', 'mk', 'Irish'),
(1169, 'ga', 'mt', 'Irish'),
(1170, 'ga', 'mo', 'Irish'),
(1171, 'ga', 'mn', 'Irish'),
(1172, 'ga', 'ne', 'Irish'),
(1173, 'ga', 'nl', 'Iers'),
(1174, 'ga', 'nb', 'Irish'),
(1175, 'ga', 'pa', 'Irish'),
(1176, 'ga', 'pl', 'irlandzki'),
(1177, 'ga', 'pt-pt', 'Irlandês'),
(1178, 'ga', 'pt-br', 'Irlandês'),
(1179, 'ga', 'qu', 'Irish'),
(1180, 'ga', 'ro', 'Irlandeză'),
(1181, 'ga', 'ru', 'Ирландский'),
(1182, 'ga', 'sl', 'Irish'),
(1183, 'ga', 'so', 'Irish'),
(1184, 'ga', 'sq', 'Irish'),
(1185, 'ga', 'sr', 'Irish'),
(1186, 'ga', 'sv', 'Irländska'),
(1187, 'ga', 'ta', 'Irish'),
(1188, 'ga', 'th', 'ไอริช'),
(1189, 'ga', 'tr', 'İrlanda dili'),
(1190, 'ga', 'uk', 'Irish'),
(1191, 'ga', 'ur', 'Irish'),
(1192, 'ga', 'uz', 'Irish'),
(1193, 'ga', 'vi', 'Irish'),
(1194, 'ga', 'yi', 'Irish'),
(1195, 'ga', 'zh-hans', '爱尔兰语'),
(1196, 'ga', 'zu', 'Irish'),
(1197, 'ga', 'zh-hant', '愛爾蘭語'),
(1198, 'he', 'en', 'Hebrew'),
(1199, 'he', 'es', 'Hebreo'),
(1200, 'he', 'de', 'Hebräisch') ;
INSERT INTO `wp_icl_languages_translations` ( `id`, `language_code`, `display_language_code`, `name`) VALUES
(1201, 'he', 'fr', 'Hébreu'),
(1202, 'he', 'ar', 'العبرية'),
(1203, 'he', 'bs', 'Hebrew'),
(1204, 'he', 'bg', 'Hebrew'),
(1205, 'he', 'ca', 'Hebrew'),
(1206, 'he', 'cs', 'Hebrew'),
(1207, 'he', 'sk', 'Hebrejčina'),
(1208, 'he', 'cy', 'Hebrew'),
(1209, 'he', 'da', 'Hebrew'),
(1210, 'he', 'el', 'Εβραικα'),
(1211, 'he', 'eo', 'Hebrew'),
(1212, 'he', 'et', 'Hebrew'),
(1213, 'he', 'eu', 'Hebrew'),
(1214, 'he', 'fa', 'Hebrew'),
(1215, 'he', 'fi', 'heprea'),
(1216, 'he', 'ga', 'Hebrew'),
(1217, 'he', 'he', 'עברית'),
(1218, 'he', 'hi', 'Hebrew'),
(1219, 'he', 'hr', 'Hebrew'),
(1220, 'he', 'hu', 'héber'),
(1221, 'he', 'hy', 'Hebrew'),
(1222, 'he', 'id', 'Hebrew'),
(1223, 'he', 'is', 'Hebrew'),
(1224, 'he', 'it', 'Ebraico'),
(1225, 'he', 'ja', 'ヘブライ語'),
(1226, 'he', 'ko', '히브리어'),
(1227, 'he', 'ku', 'Hebrew'),
(1228, 'he', 'la', 'Hebrew'),
(1229, 'he', 'lv', 'Hebrew'),
(1230, 'he', 'lt', 'Hebrew'),
(1231, 'he', 'mk', 'Hebrew'),
(1232, 'he', 'mt', 'Hebrew'),
(1233, 'he', 'mo', 'Hebrew'),
(1234, 'he', 'mn', 'Hebrew'),
(1235, 'he', 'ne', 'Hebrew'),
(1236, 'he', 'nl', 'Hebreeuws'),
(1237, 'he', 'nb', 'Hebrew'),
(1238, 'he', 'pa', 'Hebrew'),
(1239, 'he', 'pl', 'hebrajski'),
(1240, 'he', 'pt-pt', 'Hebraico'),
(1241, 'he', 'pt-br', 'Hebraico'),
(1242, 'he', 'qu', 'Hebrew'),
(1243, 'he', 'ro', 'Ebraică'),
(1244, 'he', 'ru', 'Иврит'),
(1245, 'he', 'sl', 'Hebrew'),
(1246, 'he', 'so', 'Hebrew'),
(1247, 'he', 'sq', 'Hebrew'),
(1248, 'he', 'sr', 'Hebrew'),
(1249, 'he', 'sv', 'Hebreiska'),
(1250, 'he', 'ta', 'Hebrew'),
(1251, 'he', 'th', 'ฮิบรู'),
(1252, 'he', 'tr', 'İbranice'),
(1253, 'he', 'uk', 'Hebrew'),
(1254, 'he', 'ur', 'Hebrew'),
(1255, 'he', 'uz', 'Hebrew'),
(1256, 'he', 'vi', 'Hebrew'),
(1257, 'he', 'yi', 'Hebrew'),
(1258, 'he', 'zh-hans', '希伯来语'),
(1259, 'he', 'zu', 'Hebrew'),
(1260, 'he', 'zh-hant', '希伯來語'),
(1261, 'hi', 'en', 'Hindi'),
(1262, 'hi', 'es', 'Hindi'),
(1263, 'hi', 'de', 'Hindi'),
(1264, 'hi', 'fr', 'Hindi'),
(1265, 'hi', 'ar', 'الهندية'),
(1266, 'hi', 'bs', 'Hindi'),
(1267, 'hi', 'bg', 'Hindi'),
(1268, 'hi', 'ca', 'Hindi'),
(1269, 'hi', 'cs', 'Hindi'),
(1270, 'hi', 'sk', 'Hindčina'),
(1271, 'hi', 'cy', 'Hindi'),
(1272, 'hi', 'da', 'Hindi'),
(1273, 'hi', 'el', 'Ινδικα'),
(1274, 'hi', 'eo', 'Hindi'),
(1275, 'hi', 'et', 'Hindi'),
(1276, 'hi', 'eu', 'Hindi'),
(1277, 'hi', 'fa', 'Hindi'),
(1278, 'hi', 'fi', 'hindi'),
(1279, 'hi', 'ga', 'Hindi'),
(1280, 'hi', 'he', 'הודית'),
(1281, 'hi', 'hi', 'हिन्दी'),
(1282, 'hi', 'hr', 'Hindi'),
(1283, 'hi', 'hu', 'hindi'),
(1284, 'hi', 'hy', 'Hindi'),
(1285, 'hi', 'id', 'Hindi'),
(1286, 'hi', 'is', 'Hindi'),
(1287, 'hi', 'it', 'Hindi'),
(1288, 'hi', 'ja', 'ヒンディー語'),
(1289, 'hi', 'ko', '힌두어'),
(1290, 'hi', 'ku', 'Hindi'),
(1291, 'hi', 'la', 'Hindi'),
(1292, 'hi', 'lv', 'Hindi'),
(1293, 'hi', 'lt', 'Hindi'),
(1294, 'hi', 'mk', 'Hindi'),
(1295, 'hi', 'mt', 'Hindi'),
(1296, 'hi', 'mo', 'Hindi'),
(1297, 'hi', 'mn', 'Hindi'),
(1298, 'hi', 'ne', 'Hindi'),
(1299, 'hi', 'nl', 'Hindi'),
(1300, 'hi', 'nb', 'Hindi') ;
INSERT INTO `wp_icl_languages_translations` ( `id`, `language_code`, `display_language_code`, `name`) VALUES
(1301, 'hi', 'pa', 'Hindi'),
(1302, 'hi', 'pl', 'hindi'),
(1303, 'hi', 'pt-pt', 'Hindi'),
(1304, 'hi', 'pt-br', 'Hindi'),
(1305, 'hi', 'qu', 'Hindi'),
(1306, 'hi', 'ro', 'Hindi'),
(1307, 'hi', 'ru', 'Хинди'),
(1308, 'hi', 'sl', 'Hindi'),
(1309, 'hi', 'so', 'Hindi'),
(1310, 'hi', 'sq', 'Hindi'),
(1311, 'hi', 'sr', 'Hindi'),
(1312, 'hi', 'sv', 'Hindi'),
(1313, 'hi', 'ta', 'Hindi'),
(1314, 'hi', 'th', 'ฮินดิ'),
(1315, 'hi', 'tr', 'Hintçe'),
(1316, 'hi', 'uk', 'Hindi'),
(1317, 'hi', 'ur', 'Hindi'),
(1318, 'hi', 'uz', 'Hindi'),
(1319, 'hi', 'vi', 'Hindi'),
(1320, 'hi', 'yi', 'Hindi'),
(1321, 'hi', 'zh-hans', '印地语'),
(1322, 'hi', 'zu', 'Hindi'),
(1323, 'hi', 'zh-hant', '印地語'),
(1324, 'hr', 'en', 'Croatian'),
(1325, 'hr', 'es', 'Croata'),
(1326, 'hr', 'de', 'Kroatisch'),
(1327, 'hr', 'fr', 'Croate'),
(1328, 'hr', 'ar', 'الكرواتية'),
(1329, 'hr', 'bs', 'Croatian'),
(1330, 'hr', 'bg', 'Croatian'),
(1331, 'hr', 'ca', 'Croatian'),
(1332, 'hr', 'cs', 'Croatian'),
(1333, 'hr', 'sk', 'Chorvátština'),
(1334, 'hr', 'cy', 'Croatian'),
(1335, 'hr', 'da', 'Croatian'),
(1336, 'hr', 'el', 'Κροατικα'),
(1337, 'hr', 'eo', 'Croatian'),
(1338, 'hr', 'et', 'Croatian'),
(1339, 'hr', 'eu', 'Croatian'),
(1340, 'hr', 'fa', 'Croatian'),
(1341, 'hr', 'fi', 'kroatia'),
(1342, 'hr', 'ga', 'Croatian'),
(1343, 'hr', 'he', 'קרוטאית'),
(1344, 'hr', 'hi', 'Croatian'),
(1345, 'hr', 'hr', 'Hrvatski'),
(1346, 'hr', 'hu', 'horvát'),
(1347, 'hr', 'hy', 'Croatian'),
(1348, 'hr', 'id', 'Croatian'),
(1349, 'hr', 'is', 'Croatian'),
(1350, 'hr', 'it', 'Croato'),
(1351, 'hr', 'ja', 'クロアチア語'),
(1352, 'hr', 'ko', '크로아시아어'),
(1353, 'hr', 'ku', 'Croatian'),
(1354, 'hr', 'la', 'Croatian'),
(1355, 'hr', 'lv', 'Croatian'),
(1356, 'hr', 'lt', 'Croatian'),
(1357, 'hr', 'mk', 'Croatian'),
(1358, 'hr', 'mt', 'Croatian'),
(1359, 'hr', 'mo', 'Croatian'),
(1360, 'hr', 'mn', 'Croatian'),
(1361, 'hr', 'ne', 'Croatian'),
(1362, 'hr', 'nl', 'Kroatisch'),
(1363, 'hr', 'nb', 'Croatian'),
(1364, 'hr', 'pa', 'Croatian'),
(1365, 'hr', 'pl', 'chorwacki'),
(1366, 'hr', 'pt-pt', 'Croata'),
(1367, 'hr', 'pt-br', 'Croata'),
(1368, 'hr', 'qu', 'Croatian'),
(1369, 'hr', 'ro', 'Croată'),
(1370, 'hr', 'ru', 'Хорватский'),
(1371, 'hr', 'sl', 'Croatian'),
(1372, 'hr', 'so', 'Croatian'),
(1373, 'hr', 'sq', 'Croatian'),
(1374, 'hr', 'sr', 'Croatian'),
(1375, 'hr', 'sv', 'Kroatiska'),
(1376, 'hr', 'ta', 'Croatian'),
(1377, 'hr', 'th', 'โครเอเชีย'),
(1378, 'hr', 'tr', 'Hırvatça'),
(1379, 'hr', 'uk', 'Croatian'),
(1380, 'hr', 'ur', 'Croatian'),
(1381, 'hr', 'uz', 'Croatian'),
(1382, 'hr', 'vi', 'Croatian'),
(1383, 'hr', 'yi', 'Croatian'),
(1384, 'hr', 'zh-hans', '克罗地亚语'),
(1385, 'hr', 'zu', 'Croatian'),
(1386, 'hr', 'zh-hant', '克羅地亞語'),
(1387, 'hu', 'en', 'Hungarian'),
(1388, 'hu', 'es', 'Húngaro'),
(1389, 'hu', 'de', 'Ungarisch'),
(1390, 'hu', 'fr', 'Hongrois'),
(1391, 'hu', 'ar', 'الهنغارية'),
(1392, 'hu', 'bs', 'Hungarian'),
(1393, 'hu', 'bg', 'Hungarian'),
(1394, 'hu', 'ca', 'Hungarian'),
(1395, 'hu', 'cs', 'Hungarian'),
(1396, 'hu', 'sk', 'Maďarčina'),
(1397, 'hu', 'cy', 'Hungarian'),
(1398, 'hu', 'da', 'Hungarian'),
(1399, 'hu', 'el', 'Ουγγρικα'),
(1400, 'hu', 'eo', 'Hungarian') ;
INSERT INTO `wp_icl_languages_translations` ( `id`, `language_code`, `display_language_code`, `name`) VALUES
(1401, 'hu', 'et', 'Hungarian'),
(1402, 'hu', 'eu', 'Hungarian'),
(1403, 'hu', 'fa', 'Hungarian'),
(1404, 'hu', 'fi', 'unkari'),
(1405, 'hu', 'ga', 'Hungarian'),
(1406, 'hu', 'he', 'הונגרית'),
(1407, 'hu', 'hi', 'Hungarian'),
(1408, 'hu', 'hr', 'Hungarian'),
(1409, 'hu', 'hu', 'Magyar'),
(1410, 'hu', 'hy', 'Hungarian'),
(1411, 'hu', 'id', 'Hungarian'),
(1412, 'hu', 'is', 'Hungarian'),
(1413, 'hu', 'it', 'Ungherese'),
(1414, 'hu', 'ja', 'ハンガリー語'),
(1415, 'hu', 'ko', '헝가리어'),
(1416, 'hu', 'ku', 'Hungarian'),
(1417, 'hu', 'la', 'Hungarian'),
(1418, 'hu', 'lv', 'Hungarian'),
(1419, 'hu', 'lt', 'Hungarian'),
(1420, 'hu', 'mk', 'Hungarian'),
(1421, 'hu', 'mt', 'Hungarian'),
(1422, 'hu', 'mo', 'Hungarian'),
(1423, 'hu', 'mn', 'Hungarian'),
(1424, 'hu', 'ne', 'Hungarian'),
(1425, 'hu', 'nl', 'Hongaars'),
(1426, 'hu', 'nb', 'Hungarian'),
(1427, 'hu', 'pa', 'Hungarian'),
(1428, 'hu', 'pl', 'węgierski'),
(1429, 'hu', 'pt-pt', 'Húngaro'),
(1430, 'hu', 'pt-br', 'Húngaro'),
(1431, 'hu', 'qu', 'Hungarian'),
(1432, 'hu', 'ro', 'Ungară'),
(1433, 'hu', 'ru', 'Венгерский'),
(1434, 'hu', 'sl', 'Hungarian'),
(1435, 'hu', 'so', 'Hungarian'),
(1436, 'hu', 'sq', 'Hungarian'),
(1437, 'hu', 'sr', 'Hungarian'),
(1438, 'hu', 'sv', 'Ungerska'),
(1439, 'hu', 'ta', 'Hungarian'),
(1440, 'hu', 'th', 'ฮังการี'),
(1441, 'hu', 'tr', 'Macarca'),
(1442, 'hu', 'uk', 'Hungarian'),
(1443, 'hu', 'ur', 'Hungarian'),
(1444, 'hu', 'uz', 'Hungarian'),
(1445, 'hu', 'vi', 'Hungarian'),
(1446, 'hu', 'yi', 'Hungarian'),
(1447, 'hu', 'zh-hans', '匈牙利语'),
(1448, 'hu', 'zu', 'Hungarian'),
(1449, 'hu', 'zh-hant', '匈牙利語'),
(1450, 'hy', 'en', 'Armenian'),
(1451, 'hy', 'es', 'Armenio'),
(1452, 'hy', 'de', 'Armenisch'),
(1453, 'hy', 'fr', 'Arménien'),
(1454, 'hy', 'ar', 'الأرمينية'),
(1455, 'hy', 'bs', 'Armenian'),
(1456, 'hy', 'bg', 'Armenian'),
(1457, 'hy', 'ca', 'Armenian'),
(1458, 'hy', 'cs', 'Armenian'),
(1459, 'hy', 'sk', 'Arménčina'),
(1460, 'hy', 'cy', 'Armenian'),
(1461, 'hy', 'da', 'Armenian'),
(1462, 'hy', 'el', 'Αρμενικα'),
(1463, 'hy', 'eo', 'Armenian'),
(1464, 'hy', 'et', 'Armenian'),
(1465, 'hy', 'eu', 'Armenian'),
(1466, 'hy', 'fa', 'Armenian'),
(1467, 'hy', 'fi', 'armenia'),
(1468, 'hy', 'ga', 'Armenian'),
(1469, 'hy', 'he', 'Armenian'),
(1470, 'hy', 'hi', 'Armenian'),
(1471, 'hy', 'hr', 'Armenian'),
(1472, 'hy', 'hu', 'örmény'),
(1473, 'hy', 'hy', 'Armenian'),
(1474, 'hy', 'id', 'Armenian'),
(1475, 'hy', 'is', 'Armenian'),
(1476, 'hy', 'it', 'Armeno'),
(1477, 'hy', 'ja', 'アルメニア語'),
(1478, 'hy', 'ko', '아르메니아어'),
(1479, 'hy', 'ku', 'Armenian'),
(1480, 'hy', 'la', 'Armenian'),
(1481, 'hy', 'lv', 'Armenian'),
(1482, 'hy', 'lt', 'Armenian'),
(1483, 'hy', 'mk', 'Armenian'),
(1484, 'hy', 'mt', 'Armenian'),
(1485, 'hy', 'mo', 'Armenian'),
(1486, 'hy', 'mn', 'Armenian'),
(1487, 'hy', 'ne', 'Armenian'),
(1488, 'hy', 'nl', 'Armeens'),
(1489, 'hy', 'nb', 'Armenian'),
(1490, 'hy', 'pa', 'Armenian'),
(1491, 'hy', 'pl', 'ormiański'),
(1492, 'hy', 'pt-pt', 'Arménio'),
(1493, 'hy', 'pt-br', 'Arménio'),
(1494, 'hy', 'qu', 'Armenian'),
(1495, 'hy', 'ro', 'Armeană'),
(1496, 'hy', 'ru', 'Армянский'),
(1497, 'hy', 'sl', 'Armenian'),
(1498, 'hy', 'so', 'Armenian'),
(1499, 'hy', 'sq', 'Armenian'),
(1500, 'hy', 'sr', 'Armenian') ;
INSERT INTO `wp_icl_languages_translations` ( `id`, `language_code`, `display_language_code`, `name`) VALUES
(1501, 'hy', 'sv', 'Armeniska'),
(1502, 'hy', 'ta', 'Armenian'),
(1503, 'hy', 'th', 'อาร์เมเนีย'),
(1504, 'hy', 'tr', 'Ermenice'),
(1505, 'hy', 'uk', 'Armenian'),
(1506, 'hy', 'ur', 'Armenian'),
(1507, 'hy', 'uz', 'Armenian'),
(1508, 'hy', 'vi', 'Armenian'),
(1509, 'hy', 'yi', 'Armenian'),
(1510, 'hy', 'zh-hans', '亚美尼亚语'),
(1511, 'hy', 'zu', 'Armenian'),
(1512, 'hy', 'zh-hant', '亞美尼亞語'),
(1513, 'id', 'en', 'Indonesian'),
(1514, 'id', 'es', 'Indonesio'),
(1515, 'id', 'de', 'Indonesisch'),
(1516, 'id', 'fr', 'Indonésien'),
(1517, 'id', 'ar', 'الأندونيسية'),
(1518, 'id', 'bs', 'Indonesian'),
(1519, 'id', 'bg', 'Indonesian'),
(1520, 'id', 'ca', 'Indonesian'),
(1521, 'id', 'cs', 'Indonesian'),
(1522, 'id', 'sk', 'Indonézčina'),
(1523, 'id', 'cy', 'Indonesian'),
(1524, 'id', 'da', 'Indonesian'),
(1525, 'id', 'el', 'Ινδονησιακα'),
(1526, 'id', 'eo', 'Indonesian'),
(1527, 'id', 'et', 'Indonesian'),
(1528, 'id', 'eu', 'Indonesian'),
(1529, 'id', 'fa', 'Indonesian'),
(1530, 'id', 'fi', 'indonesia'),
(1531, 'id', 'ga', 'Indonesian'),
(1532, 'id', 'he', 'Indonesian'),
(1533, 'id', 'hi', 'Indonesian'),
(1534, 'id', 'hr', 'Indonesian'),
(1535, 'id', 'hu', 'indonéz'),
(1536, 'id', 'hy', 'Indonesian'),
(1537, 'id', 'id', 'Indonesia'),
(1538, 'id', 'is', 'Indonesian'),
(1539, 'id', 'it', 'Indonesiano'),
(1540, 'id', 'ja', 'インドネシア語'),
(1541, 'id', 'ko', '인도네시아어'),
(1542, 'id', 'ku', 'Indonesian'),
(1543, 'id', 'la', 'Indonesian'),
(1544, 'id', 'lv', 'Indonesian'),
(1545, 'id', 'lt', 'Indonesian'),
(1546, 'id', 'mk', 'Indonesian'),
(1547, 'id', 'mt', 'Indonesian'),
(1548, 'id', 'mo', 'Indonesian'),
(1549, 'id', 'mn', 'Indonesian'),
(1550, 'id', 'ne', 'Indonesian'),
(1551, 'id', 'nl', 'Indonesisch'),
(1552, 'id', 'nb', 'Indonesian'),
(1553, 'id', 'pa', 'Indonesian'),
(1554, 'id', 'pl', 'indonezyjski'),
(1555, 'id', 'pt-pt', 'Indonésio'),
(1556, 'id', 'pt-br', 'Indonésio'),
(1557, 'id', 'qu', 'Indonesian'),
(1558, 'id', 'ro', 'Indoneziană'),
(1559, 'id', 'ru', 'Индонезийский'),
(1560, 'id', 'sl', 'Indonesian'),
(1561, 'id', 'so', 'Indonesian'),
(1562, 'id', 'sq', 'Indonesian'),
(1563, 'id', 'sr', 'Indonesian'),
(1564, 'id', 'sv', 'Indonesiska'),
(1565, 'id', 'ta', 'Indonesian'),
(1566, 'id', 'th', 'อินโดนีเซีย'),
(1567, 'id', 'tr', 'Endonezya dili'),
(1568, 'id', 'uk', 'Indonesian'),
(1569, 'id', 'ur', 'Indonesian'),
(1570, 'id', 'uz', 'Indonesian'),
(1571, 'id', 'vi', 'Indonesian'),
(1572, 'id', 'yi', 'Indonesian'),
(1573, 'id', 'zh-hans', '印度尼西亚语'),
(1574, 'id', 'zu', 'Indonesian'),
(1575, 'id', 'zh-hant', '印尼語'),
(1576, 'is', 'en', 'Icelandic'),
(1577, 'is', 'es', 'Islandés'),
(1578, 'is', 'de', 'Isländisch'),
(1579, 'is', 'fr', 'Islandais'),
(1580, 'is', 'ar', 'الأيسلاندية'),
(1581, 'is', 'bs', 'Icelandic'),
(1582, 'is', 'bg', 'Icelandic'),
(1583, 'is', 'ca', 'Icelandic'),
(1584, 'is', 'cs', 'Icelandic'),
(1585, 'is', 'sk', 'Islančina'),
(1586, 'is', 'cy', 'Icelandic'),
(1587, 'is', 'da', 'Icelandic'),
(1588, 'is', 'el', 'Ισλανδικα'),
(1589, 'is', 'eo', 'Icelandic'),
(1590, 'is', 'et', 'Icelandic'),
(1591, 'is', 'eu', 'Icelandic'),
(1592, 'is', 'fa', 'Icelandic'),
(1593, 'is', 'fi', 'islanti'),
(1594, 'is', 'ga', 'Icelandic'),
(1595, 'is', 'he', 'Icelandic'),
(1596, 'is', 'hi', 'Icelandic'),
(1597, 'is', 'hr', 'Icelandic'),
(1598, 'is', 'hu', 'izlandi'),
(1599, 'is', 'hy', 'Icelandic'),
(1600, 'is', 'id', 'Icelandic') ;
INSERT INTO `wp_icl_languages_translations` ( `id`, `language_code`, `display_language_code`, `name`) VALUES
(1601, 'is', 'is', 'Íslenska'),
(1602, 'is', 'it', 'Islandese'),
(1603, 'is', 'ja', 'アイスランド語'),
(1604, 'is', 'ko', '아이슬랜드어'),
(1605, 'is', 'ku', 'Icelandic'),
(1606, 'is', 'la', 'Icelandic'),
(1607, 'is', 'lv', 'Icelandic'),
(1608, 'is', 'lt', 'Icelandic'),
(1609, 'is', 'mk', 'Icelandic'),
(1610, 'is', 'mt', 'Icelandic'),
(1611, 'is', 'mo', 'Icelandic'),
(1612, 'is', 'mn', 'Icelandic'),
(1613, 'is', 'ne', 'Icelandic'),
(1614, 'is', 'nl', 'Ijslands'),
(1615, 'is', 'nb', 'Icelandic'),
(1616, 'is', 'pa', 'Icelandic'),
(1617, 'is', 'pl', 'islandzki'),
(1618, 'is', 'pt-pt', 'Islandês'),
(1619, 'is', 'pt-br', 'Islandês'),
(1620, 'is', 'qu', 'Icelandic'),
(1621, 'is', 'ro', 'Islandeză'),
(1622, 'is', 'ru', 'Исландский'),
(1623, 'is', 'sl', 'Icelandic'),
(1624, 'is', 'so', 'Icelandic'),
(1625, 'is', 'sq', 'Icelandic'),
(1626, 'is', 'sr', 'Icelandic'),
(1627, 'is', 'sv', 'Isländska'),
(1628, 'is', 'ta', 'Icelandic'),
(1629, 'is', 'th', 'ไอซ์แลนด์'),
(1630, 'is', 'tr', 'İzlandaca'),
(1631, 'is', 'uk', 'Icelandic'),
(1632, 'is', 'ur', 'Icelandic'),
(1633, 'is', 'uz', 'Icelandic'),
(1634, 'is', 'vi', 'Icelandic'),
(1635, 'is', 'yi', 'Icelandic'),
(1636, 'is', 'zh-hans', '冰岛语'),
(1637, 'is', 'zu', 'Icelandic'),
(1638, 'is', 'zh-hant', '冰島語'),
(1639, 'it', 'en', 'Italian'),
(1640, 'it', 'es', 'Italiano'),
(1641, 'it', 'de', 'Italienisch'),
(1642, 'it', 'fr', 'Italien'),
(1643, 'it', 'ar', 'الإيطالية'),
(1644, 'it', 'bs', 'Italian'),
(1645, 'it', 'bg', 'Italian'),
(1646, 'it', 'ca', 'Italian'),
(1647, 'it', 'cs', 'Italian'),
(1648, 'it', 'sk', 'Taliančina'),
(1649, 'it', 'cy', 'Italian'),
(1650, 'it', 'da', 'Italian'),
(1651, 'it', 'el', 'Ιταλικα'),
(1652, 'it', 'eo', 'Italian'),
(1653, 'it', 'et', 'Italian'),
(1654, 'it', 'eu', 'Italian'),
(1655, 'it', 'fa', 'Italian'),
(1656, 'it', 'fi', 'italia'),
(1657, 'it', 'ga', 'Italian'),
(1658, 'it', 'he', 'איטלקית'),
(1659, 'it', 'hi', 'Italian'),
(1660, 'it', 'hr', 'Italian'),
(1661, 'it', 'hu', 'olasz'),
(1662, 'it', 'hy', 'Italian'),
(1663, 'it', 'id', 'Italian'),
(1664, 'it', 'is', 'Italian'),
(1665, 'it', 'it', 'Italiano'),
(1666, 'it', 'ja', 'イタリア語'),
(1667, 'it', 'ko', '이태리어'),
(1668, 'it', 'ku', 'Italian'),
(1669, 'it', 'la', 'Italian'),
(1670, 'it', 'lv', 'Italian'),
(1671, 'it', 'lt', 'Italian'),
(1672, 'it', 'mk', 'Italian'),
(1673, 'it', 'mt', 'Italian'),
(1674, 'it', 'mo', 'Italian'),
(1675, 'it', 'mn', 'Italian'),
(1676, 'it', 'ne', 'Italian'),
(1677, 'it', 'nl', 'Italiaans'),
(1678, 'it', 'nb', 'Italian'),
(1679, 'it', 'pa', 'Italian'),
(1680, 'it', 'pl', 'włoski'),
(1681, 'it', 'pt-pt', 'Italiano'),
(1682, 'it', 'pt-br', 'Italiano'),
(1683, 'it', 'qu', 'Italian'),
(1684, 'it', 'ro', 'Italiană'),
(1685, 'it', 'ru', 'Итальянский'),
(1686, 'it', 'sl', 'Italian'),
(1687, 'it', 'so', 'Italian'),
(1688, 'it', 'sq', 'Italian'),
(1689, 'it', 'sr', 'Italian'),
(1690, 'it', 'sv', 'Italienska'),
(1691, 'it', 'ta', 'Italian'),
(1692, 'it', 'th', 'อิตาลี'),
(1693, 'it', 'tr', 'İtalyanca'),
(1694, 'it', 'uk', 'Italian'),
(1695, 'it', 'ur', 'Italian'),
(1696, 'it', 'uz', 'Italian'),
(1697, 'it', 'vi', 'Italian'),
(1698, 'it', 'yi', 'Italian'),
(1699, 'it', 'zh-hans', '意大利语'),
(1700, 'it', 'zu', 'Italian') ;
INSERT INTO `wp_icl_languages_translations` ( `id`, `language_code`, `display_language_code`, `name`) VALUES
(1701, 'it', 'zh-hant', '義大利語'),
(1702, 'ja', 'en', 'Japanese'),
(1703, 'ja', 'es', 'Japonés'),
(1704, 'ja', 'de', 'Japanisch'),
(1705, 'ja', 'fr', 'Japonais'),
(1706, 'ja', 'ar', 'اليابانية'),
(1707, 'ja', 'bs', 'Japanese'),
(1708, 'ja', 'bg', 'Japanese'),
(1709, 'ja', 'ca', 'Japanese'),
(1710, 'ja', 'cs', 'Japanese'),
(1711, 'ja', 'sk', 'Japonština'),
(1712, 'ja', 'cy', 'Japanese'),
(1713, 'ja', 'da', 'Japanese'),
(1714, 'ja', 'el', 'Ιαπωνικα'),
(1715, 'ja', 'eo', 'Japanese'),
(1716, 'ja', 'et', 'Japanese'),
(1717, 'ja', 'eu', 'Japanese'),
(1718, 'ja', 'fa', 'Japanese'),
(1719, 'ja', 'fi', 'japani'),
(1720, 'ja', 'ga', 'Japanese'),
(1721, 'ja', 'he', 'יפנית'),
(1722, 'ja', 'hi', 'Japanese'),
(1723, 'ja', 'hr', 'Japanese'),
(1724, 'ja', 'hu', 'japán'),
(1725, 'ja', 'hy', 'Japanese'),
(1726, 'ja', 'id', 'Japanese'),
(1727, 'ja', 'is', 'Japanese'),
(1728, 'ja', 'it', 'Giapponese'),
(1729, 'ja', 'ja', '日本語'),
(1730, 'ja', 'ko', '일어'),
(1731, 'ja', 'ku', 'Japanese'),
(1732, 'ja', 'la', 'Japanese'),
(1733, 'ja', 'lv', 'Japanese'),
(1734, 'ja', 'lt', 'Japanese'),
(1735, 'ja', 'mk', 'Japanese'),
(1736, 'ja', 'mt', 'Japanese'),
(1737, 'ja', 'mo', 'Japanese'),
(1738, 'ja', 'mn', 'Japanese'),
(1739, 'ja', 'ne', 'Japanese'),
(1740, 'ja', 'nl', 'Japans'),
(1741, 'ja', 'nb', 'Japanese'),
(1742, 'ja', 'pa', 'Japanese'),
(1743, 'ja', 'pl', 'japoński'),
(1744, 'ja', 'pt-pt', 'Japonês'),
(1745, 'ja', 'pt-br', 'Japonês'),
(1746, 'ja', 'qu', 'Japanese'),
(1747, 'ja', 'ro', 'Japoneză'),
(1748, 'ja', 'ru', 'Японский'),
(1749, 'ja', 'sl', 'Japanese'),
(1750, 'ja', 'so', 'Japanese'),
(1751, 'ja', 'sq', 'Japanese'),
(1752, 'ja', 'sr', 'Japanese'),
(1753, 'ja', 'sv', 'Japanska'),
(1754, 'ja', 'ta', 'Japanese'),
(1755, 'ja', 'th', 'ญี่ปุ่น'),
(1756, 'ja', 'tr', 'Japonca'),
(1757, 'ja', 'uk', 'Japanese'),
(1758, 'ja', 'ur', 'Japanese'),
(1759, 'ja', 'uz', 'Japanese'),
(1760, 'ja', 'vi', 'Japanese'),
(1761, 'ja', 'yi', 'Japanese'),
(1762, 'ja', 'zh-hans', '日语'),
(1763, 'ja', 'zu', 'Japanese'),
(1764, 'ja', 'zh-hant', '日語'),
(1765, 'ko', 'en', 'Korean'),
(1766, 'ko', 'es', 'Coreano'),
(1767, 'ko', 'de', 'Koreanisch'),
(1768, 'ko', 'fr', 'Coréen'),
(1769, 'ko', 'ar', 'الكورية'),
(1770, 'ko', 'bs', 'Korean'),
(1771, 'ko', 'bg', 'Korean'),
(1772, 'ko', 'ca', 'Korean'),
(1773, 'ko', 'cs', 'Korean'),
(1774, 'ko', 'sk', 'Kórejčina'),
(1775, 'ko', 'cy', 'Korean'),
(1776, 'ko', 'da', 'Korean'),
(1777, 'ko', 'el', 'Κορεατικα'),
(1778, 'ko', 'eo', 'Korean'),
(1779, 'ko', 'et', 'Korean'),
(1780, 'ko', 'eu', 'Korean'),
(1781, 'ko', 'fa', 'Korean'),
(1782, 'ko', 'fi', 'korea'),
(1783, 'ko', 'ga', 'Korean'),
(1784, 'ko', 'he', 'קוראנית'),
(1785, 'ko', 'hi', 'Korean'),
(1786, 'ko', 'hr', 'Korean'),
(1787, 'ko', 'hu', 'koreai'),
(1788, 'ko', 'hy', 'Korean'),
(1789, 'ko', 'id', 'Korean'),
(1790, 'ko', 'is', 'Korean'),
(1791, 'ko', 'it', 'Coreano'),
(1792, 'ko', 'ja', '韓国語'),
(1793, 'ko', 'ko', '한국어'),
(1794, 'ko', 'ku', 'Korean'),
(1795, 'ko', 'la', 'Korean'),
(1796, 'ko', 'lv', 'Korean'),
(1797, 'ko', 'lt', 'Korean'),
(1798, 'ko', 'mk', 'Korean'),
(1799, 'ko', 'mt', 'Korean'),
(1800, 'ko', 'mo', 'Korean') ;
INSERT INTO `wp_icl_languages_translations` ( `id`, `language_code`, `display_language_code`, `name`) VALUES
(1801, 'ko', 'mn', 'Korean'),
(1802, 'ko', 'ne', 'Korean'),
(1803, 'ko', 'nl', 'Koreaans'),
(1804, 'ko', 'nb', 'Korean'),
(1805, 'ko', 'pa', 'Korean'),
(1806, 'ko', 'pl', 'koreański'),
(1807, 'ko', 'pt-pt', 'Korean'),
(1808, 'ko', 'pt-br', 'Korean'),
(1809, 'ko', 'qu', 'Korean'),
(1810, 'ko', 'ro', 'Coreană'),
(1811, 'ko', 'ru', 'Корейский'),
(1812, 'ko', 'sl', 'Korean'),
(1813, 'ko', 'so', 'Korean'),
(1814, 'ko', 'sq', 'Korean'),
(1815, 'ko', 'sr', 'Korean'),
(1816, 'ko', 'sv', 'Koreanska'),
(1817, 'ko', 'ta', 'Korean'),
(1818, 'ko', 'th', 'เกาหลี'),
(1819, 'ko', 'tr', 'Kore dili'),
(1820, 'ko', 'uk', 'Korean'),
(1821, 'ko', 'ur', 'Korean'),
(1822, 'ko', 'uz', 'Korean'),
(1823, 'ko', 'vi', 'Korean'),
(1824, 'ko', 'yi', 'Korean'),
(1825, 'ko', 'zh-hans', '韩语'),
(1826, 'ko', 'zu', 'Korean'),
(1827, 'ko', 'zh-hant', '韓語'),
(1828, 'ku', 'en', 'Kurdish'),
(1829, 'ku', 'es', 'Kurdo'),
(1830, 'ku', 'de', 'Kurdisch'),
(1831, 'ku', 'fr', 'Kurde'),
(1832, 'ku', 'ar', 'الكردية'),
(1833, 'ku', 'bs', 'Kurdish'),
(1834, 'ku', 'bg', 'Kurdish'),
(1835, 'ku', 'ca', 'Kurdish'),
(1836, 'ku', 'cs', 'Kurdish'),
(1837, 'ku', 'sk', 'Kurdština'),
(1838, 'ku', 'cy', 'Kurdish'),
(1839, 'ku', 'da', 'Kurdish'),
(1840, 'ku', 'el', 'Κουρδικα'),
(1841, 'ku', 'eo', 'Kurdish'),
(1842, 'ku', 'et', 'Kurdish'),
(1843, 'ku', 'eu', 'Kurdish'),
(1844, 'ku', 'fa', 'Kurdish'),
(1845, 'ku', 'fi', 'kurdi'),
(1846, 'ku', 'ga', 'Kurdish'),
(1847, 'ku', 'he', 'Kurdish'),
(1848, 'ku', 'hi', 'Kurdish'),
(1849, 'ku', 'hr', 'Kurdish'),
(1850, 'ku', 'hu', 'kurd'),
(1851, 'ku', 'hy', 'Kurdish'),
(1852, 'ku', 'id', 'Kurdish'),
(1853, 'ku', 'is', 'Kurdish'),
(1854, 'ku', 'it', 'Curdo'),
(1855, 'ku', 'ja', 'クルド語'),
(1856, 'ku', 'ko', '쿠르드어'),
(1857, 'ku', 'ku', 'Kurdish'),
(1858, 'ku', 'la', 'Kurdish'),
(1859, 'ku', 'lv', 'Kurdish'),
(1860, 'ku', 'lt', 'Kurdish'),
(1861, 'ku', 'mk', 'Kurdish'),
(1862, 'ku', 'mt', 'Kurdish'),
(1863, 'ku', 'mo', 'Kurdish'),
(1864, 'ku', 'mn', 'Kurdish'),
(1865, 'ku', 'ne', 'Kurdish'),
(1866, 'ku', 'nl', 'Koerdish'),
(1867, 'ku', 'nb', 'Kurdish'),
(1868, 'ku', 'pa', 'Kurdish'),
(1869, 'ku', 'pl', 'kurdyjski'),
(1870, 'ku', 'pt-pt', 'Curdo'),
(1871, 'ku', 'pt-br', 'Curdo'),
(1872, 'ku', 'qu', 'Kurdish'),
(1873, 'ku', 'ro', 'Kurdă'),
(1874, 'ku', 'ru', 'Курдский'),
(1875, 'ku', 'sl', 'Kurdish'),
(1876, 'ku', 'so', 'Kurdish'),
(1877, 'ku', 'sq', 'Kurdish'),
(1878, 'ku', 'sr', 'Kurdish'),
(1879, 'ku', 'sv', 'Kurdiska'),
(1880, 'ku', 'ta', 'Kurdish'),
(1881, 'ku', 'th', 'เคอร์ดิช'),
(1882, 'ku', 'tr', 'Kürtçe'),
(1883, 'ku', 'uk', 'Kurdish'),
(1884, 'ku', 'ur', 'Kurdish'),
(1885, 'ku', 'uz', 'Kurdish'),
(1886, 'ku', 'vi', 'Kurdish'),
(1887, 'ku', 'yi', 'Kurdish'),
(1888, 'ku', 'zh-hans', '库尔德语'),
(1889, 'ku', 'zu', 'Kurdish'),
(1890, 'ku', 'zh-hant', '庫爾德語'),
(1891, 'la', 'en', 'Latin'),
(1892, 'la', 'es', 'Latín'),
(1893, 'la', 'de', 'Latein'),
(1894, 'la', 'fr', 'Latin'),
(1895, 'la', 'ar', 'اللاتينية'),
(1896, 'la', 'bs', 'Latin'),
(1897, 'la', 'bg', 'Latin'),
(1898, 'la', 'ca', 'Latin'),
(1899, 'la', 'cs', 'Latin'),
(1900, 'la', 'sk', 'Latinčina') ;
INSERT INTO `wp_icl_languages_translations` ( `id`, `language_code`, `display_language_code`, `name`) VALUES
(1901, 'la', 'cy', 'Latin'),
(1902, 'la', 'da', 'Latin'),
(1903, 'la', 'el', 'Λατινικη'),
(1904, 'la', 'eo', 'Latin'),
(1905, 'la', 'et', 'Latin'),
(1906, 'la', 'eu', 'Latin'),
(1907, 'la', 'fa', 'Latin'),
(1908, 'la', 'fi', 'latina'),
(1909, 'la', 'ga', 'Latin'),
(1910, 'la', 'he', 'לטינית'),
(1911, 'la', 'hi', 'Latin'),
(1912, 'la', 'hr', 'Latin'),
(1913, 'la', 'hu', 'latin'),
(1914, 'la', 'hy', 'Latin'),
(1915, 'la', 'id', 'Latin'),
(1916, 'la', 'is', 'Latin'),
(1917, 'la', 'it', 'Latino'),
(1918, 'la', 'ja', 'ラテン語'),
(1919, 'la', 'ko', '라틴어'),
(1920, 'la', 'ku', 'Latin'),
(1921, 'la', 'la', 'Latin'),
(1922, 'la', 'lv', 'Latin'),
(1923, 'la', 'lt', 'Latin'),
(1924, 'la', 'mk', 'Latin'),
(1925, 'la', 'mt', 'Latin'),
(1926, 'la', 'mo', 'Latin'),
(1927, 'la', 'mn', 'Latin'),
(1928, 'la', 'ne', 'Latin'),
(1929, 'la', 'nl', 'Latijn'),
(1930, 'la', 'nb', 'Latin'),
(1931, 'la', 'pa', 'Latin'),
(1932, 'la', 'pl', 'łaciński'),
(1933, 'la', 'pt-pt', 'Latina'),
(1934, 'la', 'pt-br', 'Latina'),
(1935, 'la', 'qu', 'Latin'),
(1936, 'la', 'ro', 'Latină'),
(1937, 'la', 'ru', 'Латинский'),
(1938, 'la', 'sl', 'Latin'),
(1939, 'la', 'so', 'Latin'),
(1940, 'la', 'sq', 'Latin'),
(1941, 'la', 'sr', 'Latin'),
(1942, 'la', 'sv', 'Latin'),
(1943, 'la', 'ta', 'Latin'),
(1944, 'la', 'th', 'ละติน'),
(1945, 'la', 'tr', 'Latince'),
(1946, 'la', 'uk', 'Latin'),
(1947, 'la', 'ur', 'Latin'),
(1948, 'la', 'uz', 'Latin'),
(1949, 'la', 'vi', 'Latin'),
(1950, 'la', 'yi', 'Latin'),
(1951, 'la', 'zh-hans', '拉丁语'),
(1952, 'la', 'zu', 'Latin'),
(1953, 'la', 'zh-hant', '拉丁語'),
(1954, 'lv', 'en', 'Latvian'),
(1955, 'lv', 'es', 'Letón'),
(1956, 'lv', 'de', 'Lettisch'),
(1957, 'lv', 'fr', 'Letton'),
(1958, 'lv', 'ar', 'اللاتفية'),
(1959, 'lv', 'bs', 'Latvian'),
(1960, 'lv', 'bg', 'Latvian'),
(1961, 'lv', 'ca', 'Latvian'),
(1962, 'lv', 'cs', 'Latvian'),
(1963, 'lv', 'sk', 'Lotyština'),
(1964, 'lv', 'cy', 'Latvian'),
(1965, 'lv', 'da', 'Latvian'),
(1966, 'lv', 'el', 'Λετονικα'),
(1967, 'lv', 'eo', 'Latvian'),
(1968, 'lv', 'et', 'Latvian'),
(1969, 'lv', 'eu', 'Latvian'),
(1970, 'lv', 'fa', 'Latvian'),
(1971, 'lv', 'fi', 'latvia'),
(1972, 'lv', 'ga', 'Latvian'),
(1973, 'lv', 'he', 'Latvian'),
(1974, 'lv', 'hi', 'Latvian'),
(1975, 'lv', 'hr', 'Latvian'),
(1976, 'lv', 'hu', 'lett'),
(1977, 'lv', 'hy', 'Latvian'),
(1978, 'lv', 'id', 'Latvian'),
(1979, 'lv', 'is', 'Latvian'),
(1980, 'lv', 'it', 'Lettone'),
(1981, 'lv', 'ja', 'ラトビア語'),
(1982, 'lv', 'ko', '라트비아어'),
(1983, 'lv', 'ku', 'Latvian'),
(1984, 'lv', 'la', 'Latvian'),
(1985, 'lv', 'lv', 'Latviešu'),
(1986, 'lv', 'lt', 'Latvian'),
(1987, 'lv', 'mk', 'Latvian'),
(1988, 'lv', 'mt', 'Latvian'),
(1989, 'lv', 'mo', 'Latvian'),
(1990, 'lv', 'mn', 'Latvian'),
(1991, 'lv', 'ne', 'Latvian'),
(1992, 'lv', 'nl', 'Lets'),
(1993, 'lv', 'nb', 'Latvian'),
(1994, 'lv', 'pa', 'Latvian'),
(1995, 'lv', 'pl', 'łotewski'),
(1996, 'lv', 'pt-pt', 'Letão'),
(1997, 'lv', 'pt-br', 'Letão'),
(1998, 'lv', 'qu', 'Latvian'),
(1999, 'lv', 'ro', 'Letoniană'),
(2000, 'lv', 'ru', 'латышский') ;
INSERT INTO `wp_icl_languages_translations` ( `id`, `language_code`, `display_language_code`, `name`) VALUES
(2001, 'lv', 'sl', 'Latvian'),
(2002, 'lv', 'so', 'Latvian'),
(2003, 'lv', 'sq', 'Latvian'),
(2004, 'lv', 'sr', 'Latvian'),
(2005, 'lv', 'sv', 'Lettiska'),
(2006, 'lv', 'ta', 'Latvian'),
(2007, 'lv', 'th', 'ลัตเวีย'),
(2008, 'lv', 'tr', 'Letonca'),
(2009, 'lv', 'uk', 'Latvian'),
(2010, 'lv', 'ur', 'Latvian'),
(2011, 'lv', 'uz', 'Latvian'),
(2012, 'lv', 'vi', 'Latvian'),
(2013, 'lv', 'yi', 'Latvian'),
(2014, 'lv', 'zh-hans', '拉脱维亚语'),
(2015, 'lv', 'zu', 'Latvian'),
(2016, 'lv', 'zh-hant', '拉脫維亞語'),
(2017, 'lt', 'en', 'Lithuanian'),
(2018, 'lt', 'es', 'Lituano'),
(2019, 'lt', 'de', 'Litauisch'),
(2020, 'lt', 'fr', 'Lituanien'),
(2021, 'lt', 'ar', 'اللتوانية'),
(2022, 'lt', 'bs', 'Lithuanian'),
(2023, 'lt', 'bg', 'Lithuanian'),
(2024, 'lt', 'ca', 'Lithuanian'),
(2025, 'lt', 'cs', 'Lithuanian'),
(2026, 'lt', 'sk', 'Litovčina'),
(2027, 'lt', 'cy', 'Lithuanian'),
(2028, 'lt', 'da', 'Lithuanian'),
(2029, 'lt', 'el', 'Λιθουανικα'),
(2030, 'lt', 'eo', 'Lithuanian'),
(2031, 'lt', 'et', 'Lithuanian'),
(2032, 'lt', 'eu', 'Lithuanian'),
(2033, 'lt', 'fa', 'Lithuanian'),
(2034, 'lt', 'fi', 'liettua'),
(2035, 'lt', 'ga', 'Lithuanian'),
(2036, 'lt', 'he', 'Lithuanian'),
(2037, 'lt', 'hi', 'Lithuanian'),
(2038, 'lt', 'hr', 'Lithuanian'),
(2039, 'lt', 'hu', 'litván'),
(2040, 'lt', 'hy', 'Lithuanian'),
(2041, 'lt', 'id', 'Lithuanian'),
(2042, 'lt', 'is', 'Lithuanian'),
(2043, 'lt', 'it', 'Lituano'),
(2044, 'lt', 'ja', 'リトアニア語'),
(2045, 'lt', 'ko', '리투아니아어'),
(2046, 'lt', 'ku', 'Lithuanian'),
(2047, 'lt', 'la', 'Lithuanian'),
(2048, 'lt', 'lv', 'Lithuanian'),
(2049, 'lt', 'lt', 'Lithuanian'),
(2050, 'lt', 'mk', 'Lithuanian'),
(2051, 'lt', 'mt', 'Lithuanian'),
(2052, 'lt', 'mo', 'Lithuanian'),
(2053, 'lt', 'mn', 'Lithuanian'),
(2054, 'lt', 'ne', 'Lithuanian'),
(2055, 'lt', 'nl', 'Litouws'),
(2056, 'lt', 'nb', 'Lithuanian'),
(2057, 'lt', 'pa', 'Lithuanian'),
(2058, 'lt', 'pl', 'litewski'),
(2059, 'lt', 'pt-pt', 'Lituano'),
(2060, 'lt', 'pt-br', 'Lituano'),
(2061, 'lt', 'qu', 'Lithuanian'),
(2062, 'lt', 'ro', 'Lituaniană'),
(2063, 'lt', 'ru', 'Литовский'),
(2064, 'lt', 'sl', 'Lithuanian'),
(2065, 'lt', 'so', 'Lithuanian'),
(2066, 'lt', 'sq', 'Lithuanian'),
(2067, 'lt', 'sr', 'Lithuanian'),
(2068, 'lt', 'sv', 'Litauiska'),
(2069, 'lt', 'ta', 'Lithuanian'),
(2070, 'lt', 'th', 'ลิธัวเนีย'),
(2071, 'lt', 'tr', 'Litvanyaca'),
(2072, 'lt', 'uk', 'Lithuanian'),
(2073, 'lt', 'ur', 'Lithuanian'),
(2074, 'lt', 'uz', 'Lithuanian'),
(2075, 'lt', 'vi', 'Lithuanian'),
(2076, 'lt', 'yi', 'Lithuanian'),
(2077, 'lt', 'zh-hans', '立陶宛语'),
(2078, 'lt', 'zu', 'Lithuanian'),
(2079, 'lt', 'zh-hant', '立陶宛語'),
(2080, 'mk', 'en', 'Macedonian'),
(2081, 'mk', 'es', 'Macedonio'),
(2082, 'mk', 'de', 'Mazedonisch'),
(2083, 'mk', 'fr', 'Macédonien'),
(2084, 'mk', 'ar', 'المقدونية'),
(2085, 'mk', 'bs', 'Macedonian'),
(2086, 'mk', 'bg', 'Macedonian'),
(2087, 'mk', 'ca', 'Macedonian'),
(2088, 'mk', 'cs', 'Macedonian'),
(2089, 'mk', 'sk', 'Macedónština'),
(2090, 'mk', 'cy', 'Macedonian'),
(2091, 'mk', 'da', 'Macedonian'),
(2092, 'mk', 'el', 'Μακεδονικο'),
(2093, 'mk', 'eo', 'Macedonian'),
(2094, 'mk', 'et', 'Macedonian'),
(2095, 'mk', 'eu', 'Macedonian'),
(2096, 'mk', 'fa', 'Macedonian'),
(2097, 'mk', 'fi', 'makedonia'),
(2098, 'mk', 'ga', 'Macedonian'),
(2099, 'mk', 'he', 'Macedonian'),
(2100, 'mk', 'hi', 'Macedonian') ;
INSERT INTO `wp_icl_languages_translations` ( `id`, `language_code`, `display_language_code`, `name`) VALUES
(2101, 'mk', 'hr', 'Macedonian'),
(2102, 'mk', 'hu', 'macedón'),
(2103, 'mk', 'hy', 'Macedonian'),
(2104, 'mk', 'id', 'Macedonian'),
(2105, 'mk', 'is', 'Macedonian'),
(2106, 'mk', 'it', 'Macedone'),
(2107, 'mk', 'ja', 'マケドニア語'),
(2108, 'mk', 'ko', '마케도니아어'),
(2109, 'mk', 'ku', 'Macedonian'),
(2110, 'mk', 'la', 'Macedonian'),
(2111, 'mk', 'lv', 'Macedonian'),
(2112, 'mk', 'lt', 'Macedonian'),
(2113, 'mk', 'mk', 'Macedonian'),
(2114, 'mk', 'mt', 'Macedonian'),
(2115, 'mk', 'mo', 'Macedonian'),
(2116, 'mk', 'mn', 'Macedonian'),
(2117, 'mk', 'ne', 'Macedonian'),
(2118, 'mk', 'nl', 'Macedonisch'),
(2119, 'mk', 'nb', 'Macedonian'),
(2120, 'mk', 'pa', 'Macedonian'),
(2121, 'mk', 'pl', 'macedoński'),
(2122, 'mk', 'pt-pt', 'Macedônio'),
(2123, 'mk', 'pt-br', 'Macedônio'),
(2124, 'mk', 'qu', 'Macedonian'),
(2125, 'mk', 'ro', 'Macedoniană'),
(2126, 'mk', 'ru', 'Македонский'),
(2127, 'mk', 'sl', 'Macedonian'),
(2128, 'mk', 'so', 'Macedonian'),
(2129, 'mk', 'sq', 'Macedonian'),
(2130, 'mk', 'sr', 'Macedonian'),
(2131, 'mk', 'sv', 'Makedonska'),
(2132, 'mk', 'ta', 'Macedonian'),
(2133, 'mk', 'th', 'มาซิโดเนีย'),
(2134, 'mk', 'tr', 'Makedonyaca'),
(2135, 'mk', 'uk', 'Macedonian'),
(2136, 'mk', 'ur', 'Macedonian'),
(2137, 'mk', 'uz', 'Macedonian'),
(2138, 'mk', 'vi', 'Macedonian'),
(2139, 'mk', 'yi', 'Macedonian'),
(2140, 'mk', 'zh-hans', '马其顿语'),
(2141, 'mk', 'zu', 'Macedonian'),
(2142, 'mk', 'zh-hant', '馬其頓語'),
(2143, 'mt', 'en', 'Maltese'),
(2144, 'mt', 'es', 'Maltés'),
(2145, 'mt', 'de', 'Maltesisch'),
(2146, 'mt', 'fr', 'Maltais'),
(2147, 'mt', 'ar', 'المالطية'),
(2148, 'mt', 'bs', 'Maltese'),
(2149, 'mt', 'bg', 'Maltese'),
(2150, 'mt', 'ca', 'Maltese'),
(2151, 'mt', 'cs', 'Maltese'),
(2152, 'mt', 'sk', 'Maltézština'),
(2153, 'mt', 'cy', 'Maltese'),
(2154, 'mt', 'da', 'Maltese'),
(2155, 'mt', 'el', 'Μαλτεζικα'),
(2156, 'mt', 'eo', 'Maltese'),
(2157, 'mt', 'et', 'Maltese'),
(2158, 'mt', 'eu', 'Maltese'),
(2159, 'mt', 'fa', 'Maltese'),
(2160, 'mt', 'fi', 'malta'),
(2161, 'mt', 'ga', 'Maltese'),
(2162, 'mt', 'he', 'Maltese'),
(2163, 'mt', 'hi', 'Maltese'),
(2164, 'mt', 'hr', 'Maltese'),
(2165, 'mt', 'hu', 'máltai'),
(2166, 'mt', 'hy', 'Maltese'),
(2167, 'mt', 'id', 'Maltese'),
(2168, 'mt', 'is', 'Maltese'),
(2169, 'mt', 'it', 'Maltese'),
(2170, 'mt', 'ja', 'マルタ語'),
(2171, 'mt', 'ko', '몰타어'),
(2172, 'mt', 'ku', 'Maltese'),
(2173, 'mt', 'la', 'Maltese'),
(2174, 'mt', 'lv', 'Maltese'),
(2175, 'mt', 'lt', 'Maltese'),
(2176, 'mt', 'mk', 'Maltese'),
(2177, 'mt', 'mt', 'Maltese'),
(2178, 'mt', 'mo', 'Maltese'),
(2179, 'mt', 'mn', 'Maltese'),
(2180, 'mt', 'ne', 'Maltese'),
(2181, 'mt', 'nl', 'Maltees'),
(2182, 'mt', 'nb', 'Maltese'),
(2183, 'mt', 'pa', 'Maltese'),
(2184, 'mt', 'pl', 'maltański'),
(2185, 'mt', 'pt-pt', 'Maltês'),
(2186, 'mt', 'pt-br', 'Maltês'),
(2187, 'mt', 'qu', 'Maltese'),
(2188, 'mt', 'ro', 'Malteză'),
(2189, 'mt', 'ru', 'Мальтийский'),
(2190, 'mt', 'sl', 'Maltese'),
(2191, 'mt', 'so', 'Maltese'),
(2192, 'mt', 'sq', 'Maltese'),
(2193, 'mt', 'sr', 'Maltese'),
(2194, 'mt', 'sv', 'Maltesiska'),
(2195, 'mt', 'ta', 'Maltese'),
(2196, 'mt', 'th', 'มอลทีส'),
(2197, 'mt', 'tr', 'Malta dili'),
(2198, 'mt', 'uk', 'Maltese'),
(2199, 'mt', 'ur', 'Maltese'),
(2200, 'mt', 'uz', 'Maltese') ;
INSERT INTO `wp_icl_languages_translations` ( `id`, `language_code`, `display_language_code`, `name`) VALUES
(2201, 'mt', 'vi', 'Maltese'),
(2202, 'mt', 'yi', 'Maltese'),
(2203, 'mt', 'zh-hans', '马耳他语'),
(2204, 'mt', 'zu', 'Maltese'),
(2205, 'mt', 'zh-hant', '馬爾他語'),
(2206, 'mo', 'en', 'Moldavian'),
(2207, 'mo', 'es', 'Moldavo'),
(2208, 'mo', 'de', 'Moldavisch'),
(2209, 'mo', 'fr', 'Moldave'),
(2210, 'mo', 'ar', 'المولدوفية'),
(2211, 'mo', 'bs', 'Moldavian'),
(2212, 'mo', 'bg', 'Moldavian'),
(2213, 'mo', 'ca', 'Moldavian'),
(2214, 'mo', 'cs', 'Moldavian'),
(2215, 'mo', 'sk', 'Moldavčina'),
(2216, 'mo', 'cy', 'Moldavian'),
(2217, 'mo', 'da', 'Moldavian'),
(2218, 'mo', 'el', 'Μολδαβικα'),
(2219, 'mo', 'eo', 'Moldavian'),
(2220, 'mo', 'et', 'Moldavian'),
(2221, 'mo', 'eu', 'Moldavian'),
(2222, 'mo', 'fa', 'Moldavian'),
(2223, 'mo', 'fi', 'moldavia'),
(2224, 'mo', 'ga', 'Moldavian'),
(2225, 'mo', 'he', 'Moldavian'),
(2226, 'mo', 'hi', 'Moldavian'),
(2227, 'mo', 'hr', 'Moldavian'),
(2228, 'mo', 'hu', 'moldovai'),
(2229, 'mo', 'hy', 'Moldavian'),
(2230, 'mo', 'id', 'Moldavian'),
(2231, 'mo', 'is', 'Moldavian'),
(2232, 'mo', 'it', 'Moldavo'),
(2233, 'mo', 'ja', 'モルダビア語'),
(2234, 'mo', 'ko', '몰다비아어'),
(2235, 'mo', 'ku', 'Moldavian'),
(2236, 'mo', 'la', 'Moldavian'),
(2237, 'mo', 'lv', 'Moldavian'),
(2238, 'mo', 'lt', 'Moldavian'),
(2239, 'mo', 'mk', 'Moldavian'),
(2240, 'mo', 'mt', 'Moldavian'),
(2241, 'mo', 'mo', 'Moldavian'),
(2242, 'mo', 'mn', 'Moldavian'),
(2243, 'mo', 'ne', 'Moldavian'),
(2244, 'mo', 'nl', 'Moldavisch'),
(2245, 'mo', 'nb', 'Moldavian'),
(2246, 'mo', 'pa', 'Moldavian'),
(2247, 'mo', 'pl', 'mołdawski'),
(2248, 'mo', 'pt-pt', 'Moldavo'),
(2249, 'mo', 'pt-br', 'Moldavo'),
(2250, 'mo', 'qu', 'Moldavian'),
(2251, 'mo', 'ro', 'Moldoveană'),
(2252, 'mo', 'ru', 'Молдавский'),
(2253, 'mo', 'sl', 'Moldavian'),
(2254, 'mo', 'so', 'Moldavian'),
(2255, 'mo', 'sq', 'Moldavian'),
(2256, 'mo', 'sr', 'Moldavian'),
(2257, 'mo', 'sv', 'Moldaviska'),
(2258, 'mo', 'ta', 'Moldavian'),
(2259, 'mo', 'th', 'มอลดาเวียน'),
(2260, 'mo', 'tr', 'Moldovyaca'),
(2261, 'mo', 'uk', 'Moldavian'),
(2262, 'mo', 'ur', 'Moldavian'),
(2263, 'mo', 'uz', 'Moldavian'),
(2264, 'mo', 'vi', 'Moldavian'),
(2265, 'mo', 'yi', 'Moldavian'),
(2266, 'mo', 'zh-hans', '摩尔达维亚语'),
(2267, 'mo', 'zu', 'Moldavian'),
(2268, 'mo', 'zh-hant', '摩爾達維亞語'),
(2269, 'mn', 'en', 'Mongolian'),
(2270, 'mn', 'es', 'Mongol'),
(2271, 'mn', 'de', 'Mongolisch'),
(2272, 'mn', 'fr', 'Mongol'),
(2273, 'mn', 'ar', 'المنغولية'),
(2274, 'mn', 'bs', 'Mongolian'),
(2275, 'mn', 'bg', 'Mongolian'),
(2276, 'mn', 'ca', 'Mongolian'),
(2277, 'mn', 'cs', 'Mongolian'),
(2278, 'mn', 'sk', 'Mongolština'),
(2279, 'mn', 'cy', 'Mongolian'),
(2280, 'mn', 'da', 'Mongolian'),
(2281, 'mn', 'el', 'Μογγολικα'),
(2282, 'mn', 'eo', 'Mongolian'),
(2283, 'mn', 'et', 'Mongolian'),
(2284, 'mn', 'eu', 'Mongolian'),
(2285, 'mn', 'fa', 'Mongolian'),
(2286, 'mn', 'fi', 'mongoli'),
(2287, 'mn', 'ga', 'Mongolian'),
(2288, 'mn', 'he', 'Mongolian'),
(2289, 'mn', 'hi', 'Mongolian'),
(2290, 'mn', 'hr', 'Mongolian'),
(2291, 'mn', 'hu', 'mongol'),
(2292, 'mn', 'hy', 'Mongolian'),
(2293, 'mn', 'id', 'Mongolian'),
(2294, 'mn', 'is', 'Mongolian'),
(2295, 'mn', 'it', 'Mongolo'),
(2296, 'mn', 'ja', 'モンゴル語'),
(2297, 'mn', 'ko', '몽골어'),
(2298, 'mn', 'ku', 'Mongolian'),
(2299, 'mn', 'la', 'Mongolian'),
(2300, 'mn', 'lv', 'Mongolian') ;
INSERT INTO `wp_icl_languages_translations` ( `id`, `language_code`, `display_language_code`, `name`) VALUES
(2301, 'mn', 'lt', 'Mongolian'),
(2302, 'mn', 'mk', 'Mongolian'),
(2303, 'mn', 'mt', 'Mongolian'),
(2304, 'mn', 'mo', 'Mongolian'),
(2305, 'mn', 'mn', 'Mongolian'),
(2306, 'mn', 'ne', 'Mongolian'),
(2307, 'mn', 'nl', 'Mongools'),
(2308, 'mn', 'nb', 'Mongolian'),
(2309, 'mn', 'pa', 'Mongolian'),
(2310, 'mn', 'pl', 'mongolski'),
(2311, 'mn', 'pt-pt', 'Mongolian'),
(2312, 'mn', 'pt-br', 'Mongolian'),
(2313, 'mn', 'qu', 'Mongolian'),
(2314, 'mn', 'ro', 'Mongoleză'),
(2315, 'mn', 'ru', 'Монгольский'),
(2316, 'mn', 'sl', 'Mongolian'),
(2317, 'mn', 'so', 'Mongolian'),
(2318, 'mn', 'sq', 'Mongolian'),
(2319, 'mn', 'sr', 'Mongolian'),
(2320, 'mn', 'sv', 'Mongoliska'),
(2321, 'mn', 'ta', 'Mongolian'),
(2322, 'mn', 'th', 'มองโกเลีย'),
(2323, 'mn', 'tr', 'Mongolca'),
(2324, 'mn', 'uk', 'Mongolian'),
(2325, 'mn', 'ur', 'Mongolian'),
(2326, 'mn', 'uz', 'Mongolian'),
(2327, 'mn', 'vi', 'Mongolian'),
(2328, 'mn', 'yi', 'Mongolian'),
(2329, 'mn', 'zh-hans', '蒙古语'),
(2330, 'mn', 'zu', 'Mongolian'),
(2331, 'mn', 'zh-hant', '蒙古語'),
(2332, 'ne', 'en', 'Nepali'),
(2333, 'ne', 'es', 'Nepalí'),
(2334, 'ne', 'de', 'Nepali'),
(2335, 'ne', 'fr', 'Népalais'),
(2336, 'ne', 'ar', 'النيبالية'),
(2337, 'ne', 'bs', 'Nepali'),
(2338, 'ne', 'bg', 'Nepali'),
(2339, 'ne', 'ca', 'Nepali'),
(2340, 'ne', 'cs', 'Nepali'),
(2341, 'ne', 'sk', 'Nepálčina'),
(2342, 'ne', 'cy', 'Nepali'),
(2343, 'ne', 'da', 'Nepali'),
(2344, 'ne', 'el', 'Νεπαλι'),
(2345, 'ne', 'eo', 'Nepali'),
(2346, 'ne', 'et', 'Nepali'),
(2347, 'ne', 'eu', 'Nepali'),
(2348, 'ne', 'fa', 'Nepali'),
(2349, 'ne', 'fi', 'nepali'),
(2350, 'ne', 'ga', 'Nepali'),
(2351, 'ne', 'he', 'Nepali'),
(2352, 'ne', 'hi', 'Nepali'),
(2353, 'ne', 'hr', 'Nepali'),
(2354, 'ne', 'hu', 'nepáli'),
(2355, 'ne', 'hy', 'Nepali'),
(2356, 'ne', 'id', 'Nepali'),
(2357, 'ne', 'is', 'Nepali'),
(2358, 'ne', 'it', 'Nepalese'),
(2359, 'ne', 'ja', 'ネパール語'),
(2360, 'ne', 'ko', '네팔어'),
(2361, 'ne', 'ku', 'Nepali'),
(2362, 'ne', 'la', 'Nepali'),
(2363, 'ne', 'lv', 'Nepali'),
(2364, 'ne', 'lt', 'Nepali'),
(2365, 'ne', 'mk', 'Nepali'),
(2366, 'ne', 'mt', 'Nepali'),
(2367, 'ne', 'mo', 'Nepali'),
(2368, 'ne', 'mn', 'Nepali'),
(2369, 'ne', 'ne', 'Nepali'),
(2370, 'ne', 'nl', 'Nepalees'),
(2371, 'ne', 'nb', 'Nepali'),
(2372, 'ne', 'pa', 'Nepali'),
(2373, 'ne', 'pl', 'nepalski'),
(2374, 'ne', 'pt-pt', 'Nepali'),
(2375, 'ne', 'pt-br', 'Nepali'),
(2376, 'ne', 'qu', 'Nepali'),
(2377, 'ne', 'ro', 'Nepaleză'),
(2378, 'ne', 'ru', 'Непальский'),
(2379, 'ne', 'sl', 'Nepali'),
(2380, 'ne', 'so', 'Nepali'),
(2381, 'ne', 'sq', 'Nepali'),
(2382, 'ne', 'sr', 'Nepali'),
(2383, 'ne', 'sv', 'Nepalesiska'),
(2384, 'ne', 'ta', 'Nepali'),
(2385, 'ne', 'th', 'เนปาล'),
(2386, 'ne', 'tr', 'Nepal dili'),
(2387, 'ne', 'uk', 'Nepali'),
(2388, 'ne', 'ur', 'Nepali'),
(2389, 'ne', 'uz', 'Nepali'),
(2390, 'ne', 'vi', 'Nepali'),
(2391, 'ne', 'yi', 'Nepali'),
(2392, 'ne', 'zh-hans', '尼泊尔语'),
(2393, 'ne', 'zu', 'Nepali'),
(2394, 'ne', 'zh-hant', '尼泊爾語'),
(2395, 'nl', 'en', 'Dutch'),
(2396, 'nl', 'es', 'Holandés'),
(2397, 'nl', 'de', 'Holländisch'),
(2398, 'nl', 'fr', 'Néerlandais'),
(2399, 'nl', 'ar', 'الهولندية'),
(2400, 'nl', 'bs', 'Dutch') ;
INSERT INTO `wp_icl_languages_translations` ( `id`, `language_code`, `display_language_code`, `name`) VALUES
(2401, 'nl', 'bg', 'Dutch'),
(2402, 'nl', 'ca', 'Dutch'),
(2403, 'nl', 'cs', 'Dutch'),
(2404, 'nl', 'sk', 'Holandčina'),
(2405, 'nl', 'cy', 'Dutch'),
(2406, 'nl', 'da', 'Dutch'),
(2407, 'nl', 'el', 'Ολλανδικα'),
(2408, 'nl', 'eo', 'Dutch'),
(2409, 'nl', 'et', 'Dutch'),
(2410, 'nl', 'eu', 'Dutch'),
(2411, 'nl', 'fa', 'Dutch'),
(2412, 'nl', 'fi', 'hollanti'),
(2413, 'nl', 'ga', 'Dutch'),
(2414, 'nl', 'he', 'הולנדית'),
(2415, 'nl', 'hi', 'Dutch'),
(2416, 'nl', 'hr', 'Dutch'),
(2417, 'nl', 'hu', 'holland'),
(2418, 'nl', 'hy', 'Dutch'),
(2419, 'nl', 'id', 'Dutch'),
(2420, 'nl', 'is', 'Dutch'),
(2421, 'nl', 'it', 'Neerlandese'),
(2422, 'nl', 'ja', 'オランダ語'),
(2423, 'nl', 'ko', '화란어'),
(2424, 'nl', 'ku', 'Dutch'),
(2425, 'nl', 'la', 'Dutch'),
(2426, 'nl', 'lv', 'Dutch'),
(2427, 'nl', 'lt', 'Dutch'),
(2428, 'nl', 'mk', 'Dutch'),
(2429, 'nl', 'mt', 'Dutch'),
(2430, 'nl', 'mo', 'Dutch'),
(2431, 'nl', 'mn', 'Dutch'),
(2432, 'nl', 'ne', 'Dutch'),
(2433, 'nl', 'nl', 'Nederlands'),
(2434, 'nl', 'nb', 'Dutch'),
(2435, 'nl', 'pa', 'Dutch'),
(2436, 'nl', 'pl', 'holenderski'),
(2437, 'nl', 'pt-pt', 'Holandês'),
(2438, 'nl', 'pt-br', 'Holandês'),
(2439, 'nl', 'qu', 'Dutch'),
(2440, 'nl', 'ro', 'Olaneză'),
(2441, 'nl', 'ru', 'Голландский'),
(2442, 'nl', 'sl', 'Dutch'),
(2443, 'nl', 'so', 'Dutch'),
(2444, 'nl', 'sq', 'Dutch'),
(2445, 'nl', 'sr', 'Dutch'),
(2446, 'nl', 'sv', 'Nederländska'),
(2447, 'nl', 'ta', 'Dutch'),
(2448, 'nl', 'th', 'ดัตช์'),
(2449, 'nl', 'tr', 'Hollandaca'),
(2450, 'nl', 'uk', 'Dutch'),
(2451, 'nl', 'ur', 'Dutch'),
(2452, 'nl', 'uz', 'Dutch'),
(2453, 'nl', 'vi', 'Dutch'),
(2454, 'nl', 'yi', 'Dutch'),
(2455, 'nl', 'zh-hans', '荷兰语'),
(2456, 'nl', 'zu', 'Dutch'),
(2457, 'nl', 'zh-hant', '荷蘭語'),
(2458, 'nb', 'en', 'Norwegian Bokmål'),
(2459, 'nb', 'es', 'Bokmål'),
(2460, 'nb', 'de', 'Norwegisch (Buchsprache)'),
(2461, 'nb', 'fr', 'Norvégien Bokmål'),
(2462, 'nb', 'ar', 'البوكمالية النرويجية'),
(2463, 'nb', 'bs', 'Norwegian Bokmål'),
(2464, 'nb', 'bg', 'Norwegian Bokmål'),
(2465, 'nb', 'ca', 'Norwegian Bokmål'),
(2466, 'nb', 'cs', 'Norwegian Bokmål'),
(2467, 'nb', 'sk', 'Nórsky jazyk Bokmål'),
(2468, 'nb', 'cy', 'Norwegian Bokmål'),
(2469, 'nb', 'da', 'Norwegian Bokmål'),
(2470, 'nb', 'el', 'Νορβηγικα'),
(2471, 'nb', 'eo', 'Norwegian Bokmål'),
(2472, 'nb', 'et', 'Norwegian Bokmål'),
(2473, 'nb', 'eu', 'Norwegian Bokmål'),
(2474, 'nb', 'fa', 'Norwegian Bokmål'),
(2475, 'nb', 'fi', 'kirjanorja'),
(2476, 'nb', 'ga', 'Norwegian Bokmål'),
(2477, 'nb', 'he', 'נורווגית'),
(2478, 'nb', 'hi', 'Norwegian Bokmål'),
(2479, 'nb', 'hr', 'Norwegian Bokmål'),
(2480, 'nb', 'hu', 'norvég bokmål'),
(2481, 'nb', 'hy', 'Norwegian Bokmål'),
(2482, 'nb', 'id', 'Norwegian Bokmål'),
(2483, 'nb', 'is', 'Norwegian Bokmål'),
(2484, 'nb', 'it', 'Norvegese Bokmål'),
(2485, 'nb', 'ja', 'ノルウェー・ブークモール'),
(2486, 'nb', 'ko', '노르웨이 보크말어'),
(2487, 'nb', 'ku', 'Norwegian Bokmål'),
(2488, 'nb', 'la', 'Norwegian Bokmål'),
(2489, 'nb', 'lv', 'Norwegian Bokmål'),
(2490, 'nb', 'lt', 'Norwegian Bokmål'),
(2491, 'nb', 'mk', 'Norwegian Bokmål'),
(2492, 'nb', 'mt', 'Norwegian Bokmål'),
(2493, 'nb', 'mo', 'Norwegian Bokmål'),
(2494, 'nb', 'mn', 'Norwegian Bokmål'),
(2495, 'nb', 'ne', 'Norwegian Bokmål'),
(2496, 'nb', 'nl', 'Noors Bokmål'),
(2497, 'nb', 'nb', 'Norwegian Bokmål'),
(2498, 'nb', 'pa', 'Norwegian Bokmål'),
(2499, 'nb', 'pl', 'norweski bokmål'),
(2500, 'nb', 'pt-pt', 'Norueguês') ;
INSERT INTO `wp_icl_languages_translations` ( `id`, `language_code`, `display_language_code`, `name`) VALUES
(2501, 'nb', 'pt-br', 'Norueguês'),
(2502, 'nb', 'qu', 'Norwegian Bokmål'),
(2503, 'nb', 'ro', 'Bokmål (norvegiană)'),
(2504, 'nb', 'ru', 'Норвежский букмол'),
(2505, 'nb', 'sl', 'Norwegian Bokmål'),
(2506, 'nb', 'so', 'Norwegian Bokmål'),
(2507, 'nb', 'sq', 'Norwegian Bokmål'),
(2508, 'nb', 'sr', 'Norwegian Bokmål'),
(2509, 'nb', 'sv', 'Norskt Bokmål'),
(2510, 'nb', 'ta', 'Norwegian Bokmål'),
(2511, 'nb', 'th', 'นอร์วิเจียนบอกมาล'),
(2512, 'nb', 'tr', 'Bokmal Norveç dili'),
(2513, 'nb', 'uk', 'Norwegian Bokmål'),
(2514, 'nb', 'ur', 'Norwegian Bokmål'),
(2515, 'nb', 'uz', 'Norwegian Bokmål'),
(2516, 'nb', 'vi', 'Norwegian Bokmål'),
(2517, 'nb', 'yi', 'Norwegian Bokmål'),
(2518, 'nb', 'zh-hans', '挪威布克莫尔语'),
(2519, 'nb', 'zu', 'Norwegian Bokmål'),
(2520, 'nb', 'zh-hant', '挪威布克莫爾語'),
(2521, 'pa', 'en', 'Punjabi'),
(2522, 'pa', 'es', 'Panyabí'),
(2523, 'pa', 'de', 'Pandschabi'),
(2524, 'pa', 'fr', 'Panjabi'),
(2525, 'pa', 'ar', 'البنجابية'),
(2526, 'pa', 'bs', 'Punjabi'),
(2527, 'pa', 'bg', 'Punjabi'),
(2528, 'pa', 'ca', 'Punjabi'),
(2529, 'pa', 'cs', 'Punjabi'),
(2530, 'pa', 'sk', 'Pandžábčina'),
(2531, 'pa', 'cy', 'Punjabi'),
(2532, 'pa', 'da', 'Punjabi'),
(2533, 'pa', 'el', 'Panjabi'),
(2534, 'pa', 'eo', 'Punjabi'),
(2535, 'pa', 'et', 'Punjabi'),
(2536, 'pa', 'eu', 'Punjabi'),
(2537, 'pa', 'fa', 'Punjabi'),
(2538, 'pa', 'fi', 'pandzabi'),
(2539, 'pa', 'ga', 'Punjabi'),
(2540, 'pa', 'he', 'Punjabi'),
(2541, 'pa', 'hi', 'Punjabi'),
(2542, 'pa', 'hr', 'Punjabi'),
(2543, 'pa', 'hu', 'pandzsábi'),
(2544, 'pa', 'hy', 'Punjabi'),
(2545, 'pa', 'id', 'Punjabi'),
(2546, 'pa', 'is', 'Punjabi'),
(2547, 'pa', 'it', 'Panjabi'),
(2548, 'pa', 'ja', 'パンジャーブ語'),
(2549, 'pa', 'ko', '펀자브어'),
(2550, 'pa', 'ku', 'Punjabi'),
(2551, 'pa', 'la', 'Punjabi'),
(2552, 'pa', 'lv', 'Punjabi'),
(2553, 'pa', 'lt', 'Punjabi'),
(2554, 'pa', 'mk', 'Punjabi'),
(2555, 'pa', 'mt', 'Punjabi'),
(2556, 'pa', 'mo', 'Punjabi'),
(2557, 'pa', 'mn', 'Punjabi'),
(2558, 'pa', 'ne', 'Punjabi'),
(2559, 'pa', 'nl', 'Punjabi'),
(2560, 'pa', 'nb', 'Punjabi'),
(2561, 'pa', 'pa', 'Punjabi'),
(2562, 'pa', 'pl', 'pendżabi'),
(2563, 'pa', 'pt-pt', 'Panjabi'),
(2564, 'pa', 'pt-br', 'Panjabi'),
(2565, 'pa', 'qu', 'Punjabi'),
(2566, 'pa', 'ro', 'Punjabi'),
(2567, 'pa', 'ru', 'Панджаби'),
(2568, 'pa', 'sl', 'Punjabi'),
(2569, 'pa', 'so', 'Punjabi'),
(2570, 'pa', 'sq', 'Punjabi'),
(2571, 'pa', 'sr', 'Punjabi'),
(2572, 'pa', 'sv', 'Punjabi'),
(2573, 'pa', 'ta', 'Punjabi'),
(2574, 'pa', 'th', 'ปัญจาบ'),
(2575, 'pa', 'tr', 'Pencapça'),
(2576, 'pa', 'uk', 'Punjabi'),
(2577, 'pa', 'ur', 'Punjabi'),
(2578, 'pa', 'uz', 'Punjabi'),
(2579, 'pa', 'vi', 'Punjabi'),
(2580, 'pa', 'yi', 'Punjabi'),
(2581, 'pa', 'zh-hans', '旁遮普语'),
(2582, 'pa', 'zu', 'Punjabi'),
(2583, 'pa', 'zh-hant', '旁遮普語'),
(2584, 'pl', 'en', 'Polish'),
(2585, 'pl', 'es', 'Polaco'),
(2586, 'pl', 'de', 'Polnisch'),
(2587, 'pl', 'fr', 'Polonais'),
(2588, 'pl', 'ar', 'البولندية'),
(2589, 'pl', 'bs', 'Polish'),
(2590, 'pl', 'bg', 'Polish'),
(2591, 'pl', 'ca', 'Polish'),
(2592, 'pl', 'cs', 'Polish'),
(2593, 'pl', 'sk', 'Polština'),
(2594, 'pl', 'cy', 'Polish'),
(2595, 'pl', 'da', 'Polish'),
(2596, 'pl', 'el', 'Πολωνικα'),
(2597, 'pl', 'eo', 'Polish'),
(2598, 'pl', 'et', 'Polish'),
(2599, 'pl', 'eu', 'Polish'),
(2600, 'pl', 'fa', 'Polish') ;
INSERT INTO `wp_icl_languages_translations` ( `id`, `language_code`, `display_language_code`, `name`) VALUES
(2601, 'pl', 'fi', 'puola'),
(2602, 'pl', 'ga', 'Polish'),
(2603, 'pl', 'he', 'פולנית'),
(2604, 'pl', 'hi', 'Polish'),
(2605, 'pl', 'hr', 'Polish'),
(2606, 'pl', 'hu', 'lengyel'),
(2607, 'pl', 'hy', 'Polish'),
(2608, 'pl', 'id', 'Polish'),
(2609, 'pl', 'is', 'Polish'),
(2610, 'pl', 'it', 'Polacco'),
(2611, 'pl', 'ja', 'ポーランド語'),
(2612, 'pl', 'ko', '폴란드어'),
(2613, 'pl', 'ku', 'Polish'),
(2614, 'pl', 'la', 'Polish'),
(2615, 'pl', 'lv', 'Polish'),
(2616, 'pl', 'lt', 'Polish'),
(2617, 'pl', 'mk', 'Polish'),
(2618, 'pl', 'mt', 'Polish'),
(2619, 'pl', 'mo', 'Polish'),
(2620, 'pl', 'mn', 'Polish'),
(2621, 'pl', 'ne', 'Polish'),
(2622, 'pl', 'nl', 'Pools'),
(2623, 'pl', 'nb', 'Polish'),
(2624, 'pl', 'pa', 'Polish'),
(2625, 'pl', 'pl', 'polski'),
(2626, 'pl', 'pt-pt', 'Polonês'),
(2627, 'pl', 'pt-br', 'Polonês'),
(2628, 'pl', 'qu', 'Polish'),
(2629, 'pl', 'ro', 'Poloneză'),
(2630, 'pl', 'ru', 'Польский'),
(2631, 'pl', 'sl', 'Polish'),
(2632, 'pl', 'so', 'Polish'),
(2633, 'pl', 'sq', 'Polish'),
(2634, 'pl', 'sr', 'Polish'),
(2635, 'pl', 'sv', 'Polska'),
(2636, 'pl', 'ta', 'Polish'),
(2637, 'pl', 'th', 'โปแลนด์'),
(2638, 'pl', 'tr', 'Polonyaca'),
(2639, 'pl', 'uk', 'Polish'),
(2640, 'pl', 'ur', 'Polish'),
(2641, 'pl', 'uz', 'Polish'),
(2642, 'pl', 'vi', 'Polish'),
(2643, 'pl', 'yi', 'Polish'),
(2644, 'pl', 'zh-hans', '波兰语'),
(2645, 'pl', 'zu', 'Polish'),
(2646, 'pl', 'zh-hant', '波蘭語'),
(2647, 'pt-pt', 'en', 'Portuguese (Portugal)'),
(2648, 'pt-pt', 'es', 'Portugués, Portugal'),
(2649, 'pt-pt', 'de', 'Portugiesisch, Portugal'),
(2650, 'pt-pt', 'fr', 'Portugais - du Portugal'),
(2651, 'pt-pt', 'ar', 'البرتغالية ، البرتغال'),
(2652, 'pt-pt', 'bs', 'Portuguese, Portugal'),
(2653, 'pt-pt', 'bg', 'Portuguese, Portugal'),
(2654, 'pt-pt', 'ca', 'Portuguese, Portugal'),
(2655, 'pt-pt', 'cs', 'Portuguese, Portugal'),
(2656, 'pt-pt', 'sk', 'Portugalština'),
(2657, 'pt-pt', 'cy', 'Portuguese, Portugal'),
(2658, 'pt-pt', 'da', 'Portuguese, Portugal'),
(2659, 'pt-pt', 'el', 'Πορτογαλικα'),
(2660, 'pt-pt', 'eo', 'Portuguese, Portugal'),
(2661, 'pt-pt', 'et', 'Portuguese, Portugal'),
(2662, 'pt-pt', 'eu', 'Portuguese, Portugal'),
(2663, 'pt-pt', 'fa', 'Portuguese, Portugal'),
(2664, 'pt-pt', 'fi', 'portugali'),
(2665, 'pt-pt', 'ga', 'Portuguese, Portugal'),
(2666, 'pt-pt', 'he', 'פורטוגזית'),
(2667, 'pt-pt', 'hi', 'Portuguese, Portugal'),
(2668, 'pt-pt', 'hr', 'Portuguese, Portugal'),
(2669, 'pt-pt', 'hu', 'portugál'),
(2670, 'pt-pt', 'hy', 'Portuguese, Portugal'),
(2671, 'pt-pt', 'id', 'Portuguese, Portugal'),
(2672, 'pt-pt', 'is', 'Portuguese, Portugal'),
(2673, 'pt-pt', 'it', 'Portoghese, Portogallo'),
(2674, 'pt-pt', 'ja', 'ポルトガル語'),
(2675, 'pt-pt', 'ko', '포르투갈 포르투갈어'),
(2676, 'pt-pt', 'ku', 'Portuguese, Portugal'),
(2677, 'pt-pt', 'la', 'Portuguese, Portugal'),
(2678, 'pt-pt', 'lv', 'Portuguese, Portugal'),
(2679, 'pt-pt', 'lt', 'Portuguese, Portugal'),
(2680, 'pt-pt', 'mk', 'Portuguese, Portugal'),
(2681, 'pt-pt', 'mt', 'Portuguese, Portugal'),
(2682, 'pt-pt', 'mo', 'Portuguese, Portugal'),
(2683, 'pt-pt', 'mn', 'Portuguese, Portugal'),
(2684, 'pt-pt', 'ne', 'Portuguese, Portugal'),
(2685, 'pt-pt', 'nl', 'Portugees, Portugal'),
(2686, 'pt-pt', 'nb', 'Portuguese, Portugal'),
(2687, 'pt-pt', 'pa', 'Portuguese, Portugal'),
(2688, 'pt-pt', 'pl', 'portugalski, Portugalia'),
(2689, 'pt-pt', 'pt-pt', 'Português'),
(2690, 'pt-pt', 'pt-br', 'Português'),
(2691, 'pt-pt', 'qu', 'Portuguese, Portugal'),
(2692, 'pt-pt', 'ro', 'Portugheză (Portugalia)'),
(2693, 'pt-pt', 'ru', 'Португальский, Португалия'),
(2694, 'pt-pt', 'sl', 'Portuguese, Portugal'),
(2695, 'pt-pt', 'so', 'Portuguese, Portugal'),
(2696, 'pt-pt', 'sq', 'Portuguese, Portugal'),
(2697, 'pt-pt', 'sr', 'Portuguese, Portugal'),
(2698, 'pt-pt', 'sv', 'Portugisiska, Portugal'),
(2699, 'pt-pt', 'ta', 'Portuguese, Portugal'),
(2700, 'pt-pt', 'th', 'โปรตุเกส') ;
INSERT INTO `wp_icl_languages_translations` ( `id`, `language_code`, `display_language_code`, `name`) VALUES
(2701, 'pt-pt', 'tr', 'Portekizce, Portekiz'),
(2702, 'pt-pt', 'uk', 'Portuguese, Portugal'),
(2703, 'pt-pt', 'ur', 'Portuguese, Portugal'),
(2704, 'pt-pt', 'uz', 'Portuguese, Portugal'),
(2705, 'pt-pt', 'vi', 'Portuguese, Portugal'),
(2706, 'pt-pt', 'yi', 'Portuguese, Portugal'),
(2707, 'pt-pt', 'zh-hans', '葡萄牙语（葡萄牙）'),
(2708, 'pt-pt', 'zu', 'Portuguese, Portugal'),
(2709, 'pt-pt', 'zh-hant', '葡萄牙語（葡萄牙）'),
(2710, 'pt-br', 'en', 'Portuguese (Brazil)'),
(2711, 'pt-br', 'es', 'Portugués, Brasil'),
(2712, 'pt-br', 'de', 'Portugiesisch, Brasilien'),
(2713, 'pt-br', 'fr', 'Portugais - du Brésil'),
(2714, 'pt-br', 'ar', 'البرتغالية ،البرازيل'),
(2715, 'pt-br', 'bs', 'Portuguese, Brazil'),
(2716, 'pt-br', 'bg', 'Portuguese, Brazil'),
(2717, 'pt-br', 'ca', 'Portuguese, Brazil'),
(2718, 'pt-br', 'cs', 'Portuguese, Brazil'),
(2719, 'pt-br', 'sk', 'Brazílska Portugalština'),
(2720, 'pt-br', 'cy', 'Portuguese, Brazil'),
(2721, 'pt-br', 'da', 'Portuguese, Brazil'),
(2722, 'pt-br', 'el', 'Πορτογαλικα'),
(2723, 'pt-br', 'eo', 'Portuguese, Brazil'),
(2724, 'pt-br', 'et', 'Portuguese, Brazil'),
(2725, 'pt-br', 'eu', 'Portuguese, Brazil'),
(2726, 'pt-br', 'fa', 'Portuguese, Brazil'),
(2727, 'pt-br', 'fi', 'Brasilian portugali'),
(2728, 'pt-br', 'ga', 'Portuguese, Brazil'),
(2729, 'pt-br', 'he', 'פורטוגזית'),
(2730, 'pt-br', 'hi', 'Portuguese, Brazil'),
(2731, 'pt-br', 'hr', 'Portuguese, Brazil'),
(2732, 'pt-br', 'hu', 'brazil'),
(2733, 'pt-br', 'hy', 'Portuguese, Brazil'),
(2734, 'pt-br', 'id', 'Portuguese, Brazil'),
(2735, 'pt-br', 'is', 'Portuguese, Brazil'),
(2736, 'pt-br', 'it', 'Portoghese, Brasile'),
(2737, 'pt-br', 'ja', 'ポルトガル語（ブラジル）'),
(2738, 'pt-br', 'ko', '브라질 포르투갈어'),
(2739, 'pt-br', 'ku', 'Portuguese, Brazil'),
(2740, 'pt-br', 'la', 'Portuguese, Brazil'),
(2741, 'pt-br', 'lv', 'Portuguese, Brazil'),
(2742, 'pt-br', 'lt', 'Portuguese, Brazil'),
(2743, 'pt-br', 'mk', 'Portuguese, Brazil'),
(2744, 'pt-br', 'mt', 'Portuguese, Brazil'),
(2745, 'pt-br', 'mo', 'Portuguese, Brazil'),
(2746, 'pt-br', 'mn', 'Portuguese, Brazil'),
(2747, 'pt-br', 'ne', 'Portuguese, Brazil'),
(2748, 'pt-br', 'nl', 'Portugees, Brazilië'),
(2749, 'pt-br', 'nb', 'Portuguese, Brazil'),
(2750, 'pt-br', 'pa', 'Portuguese, Brazil'),
(2751, 'pt-br', 'pl', 'portugalski, Brazylia'),
(2752, 'pt-br', 'pt-pt', 'Português'),
(2753, 'pt-br', 'pt-br', 'Português'),
(2754, 'pt-br', 'qu', 'Portuguese, Brazil'),
(2755, 'pt-br', 'ro', 'Portugheză (Brazilia)'),
(2756, 'pt-br', 'ru', 'Португальский, Бразилия'),
(2757, 'pt-br', 'sl', 'Portuguese, Brazil'),
(2758, 'pt-br', 'so', 'Portuguese, Brazil'),
(2759, 'pt-br', 'sq', 'Portuguese, Brazil'),
(2760, 'pt-br', 'sr', 'Portuguese, Brazil'),
(2761, 'pt-br', 'sv', 'Portugisiska, Brasilien'),
(2762, 'pt-br', 'ta', 'Portuguese, Brazil'),
(2763, 'pt-br', 'th', 'โปรตุเกสบราซิล'),
(2764, 'pt-br', 'tr', 'Portekizce, Brezilya'),
(2765, 'pt-br', 'uk', 'Portuguese, Brazil'),
(2766, 'pt-br', 'ur', 'Portuguese, Brazil'),
(2767, 'pt-br', 'uz', 'Portuguese, Brazil'),
(2768, 'pt-br', 'vi', 'Portuguese, Brazil'),
(2769, 'pt-br', 'yi', 'Portuguese, Brazil'),
(2770, 'pt-br', 'zh-hans', '葡萄牙语（巴西）'),
(2771, 'pt-br', 'zu', 'Portuguese, Brazil'),
(2772, 'pt-br', 'zh-hant', '葡萄牙語（巴西）'),
(2773, 'qu', 'en', 'Quechua'),
(2774, 'qu', 'es', 'Quechua'),
(2775, 'qu', 'de', 'Quechua'),
(2776, 'qu', 'fr', 'Quechua'),
(2777, 'qu', 'ar', 'الكويتشوا'),
(2778, 'qu', 'bs', 'Quechua'),
(2779, 'qu', 'bg', 'Quechua'),
(2780, 'qu', 'ca', 'Quechua'),
(2781, 'qu', 'cs', 'Quechua'),
(2782, 'qu', 'sk', 'Jazyk Quechua'),
(2783, 'qu', 'cy', 'Quechua'),
(2784, 'qu', 'da', 'Quechua'),
(2785, 'qu', 'el', 'Κετσουα'),
(2786, 'qu', 'eo', 'Quechua'),
(2787, 'qu', 'et', 'Quechua'),
(2788, 'qu', 'eu', 'Quechua'),
(2789, 'qu', 'fa', 'Quechua'),
(2790, 'qu', 'fi', 'ketsua'),
(2791, 'qu', 'ga', 'Quechua'),
(2792, 'qu', 'he', 'Quechua'),
(2793, 'qu', 'hi', 'Quechua'),
(2794, 'qu', 'hr', 'Quechua'),
(2795, 'qu', 'hu', 'quechua'),
(2796, 'qu', 'hy', 'Quechua'),
(2797, 'qu', 'id', 'Quechua'),
(2798, 'qu', 'is', 'Quechua'),
(2799, 'qu', 'it', 'Quechua'),
(2800, 'qu', 'ja', 'ケチュア語') ;
INSERT INTO `wp_icl_languages_translations` ( `id`, `language_code`, `display_language_code`, `name`) VALUES
(2801, 'qu', 'ko', '케추아어'),
(2802, 'qu', 'ku', 'Quechua'),
(2803, 'qu', 'la', 'Quechua'),
(2804, 'qu', 'lv', 'Quechua'),
(2805, 'qu', 'lt', 'Quechua'),
(2806, 'qu', 'mk', 'Quechua'),
(2807, 'qu', 'mt', 'Quechua'),
(2808, 'qu', 'mo', 'Quechua'),
(2809, 'qu', 'mn', 'Quechua'),
(2810, 'qu', 'ne', 'Quechua'),
(2811, 'qu', 'nl', 'Quechua'),
(2812, 'qu', 'nb', 'Quechua'),
(2813, 'qu', 'pa', 'Quechua'),
(2814, 'qu', 'pl', 'keczua'),
(2815, 'qu', 'pt-pt', 'Quechua'),
(2816, 'qu', 'pt-br', 'Quechua'),
(2817, 'qu', 'qu', 'Quechua'),
(2818, 'qu', 'ro', 'Quechuană'),
(2819, 'qu', 'ru', 'Кечуа'),
(2820, 'qu', 'sl', 'Quechua'),
(2821, 'qu', 'so', 'Quechua'),
(2822, 'qu', 'sq', 'Quechua'),
(2823, 'qu', 'sr', 'Quechua'),
(2824, 'qu', 'sv', 'Quechua'),
(2825, 'qu', 'ta', 'Quechua'),
(2826, 'qu', 'th', 'คิวชัว'),
(2827, 'qu', 'tr', 'Quechua dili'),
(2828, 'qu', 'uk', 'Quechua'),
(2829, 'qu', 'ur', 'Quechua'),
(2830, 'qu', 'uz', 'Quechua'),
(2831, 'qu', 'vi', 'Quechua'),
(2832, 'qu', 'yi', 'Quechua'),
(2833, 'qu', 'zh-hans', '盖丘亚语'),
(2834, 'qu', 'zu', 'Quechua'),
(2835, 'qu', 'zh-hant', '蓋丘亞語'),
(2836, 'ro', 'en', 'Romanian'),
(2837, 'ro', 'es', 'Rumano'),
(2838, 'ro', 'de', 'Rumänisch'),
(2839, 'ro', 'fr', 'Roumain'),
(2840, 'ro', 'ar', 'الرومانية'),
(2841, 'ro', 'bs', 'Romanian'),
(2842, 'ro', 'bg', 'Romanian'),
(2843, 'ro', 'ca', 'Romanian'),
(2844, 'ro', 'cs', 'Romanian'),
(2845, 'ro', 'sk', 'Rumunčina'),
(2846, 'ro', 'cy', 'Romanian'),
(2847, 'ro', 'da', 'Romanian'),
(2848, 'ro', 'el', 'Ρουμανικα'),
(2849, 'ro', 'eo', 'Romanian'),
(2850, 'ro', 'et', 'Romanian'),
(2851, 'ro', 'eu', 'Romanian'),
(2852, 'ro', 'fa', 'Romanian'),
(2853, 'ro', 'fi', 'romania'),
(2854, 'ro', 'ga', 'Romanian'),
(2855, 'ro', 'he', 'רומנית'),
(2856, 'ro', 'hi', 'Romanian'),
(2857, 'ro', 'hr', 'Romanian'),
(2858, 'ro', 'hu', 'román'),
(2859, 'ro', 'hy', 'Romanian'),
(2860, 'ro', 'id', 'Romanian'),
(2861, 'ro', 'is', 'Romanian'),
(2862, 'ro', 'it', 'Rumeno'),
(2863, 'ro', 'ja', 'ルーマニア語'),
(2864, 'ro', 'ko', '로마니아어'),
(2865, 'ro', 'ku', 'Romanian'),
(2866, 'ro', 'la', 'Romanian'),
(2867, 'ro', 'lv', 'Romanian'),
(2868, 'ro', 'lt', 'Romanian'),
(2869, 'ro', 'mk', 'Romanian'),
(2870, 'ro', 'mt', 'Romanian'),
(2871, 'ro', 'mo', 'Romanian'),
(2872, 'ro', 'mn', 'Romanian'),
(2873, 'ro', 'ne', 'Romanian'),
(2874, 'ro', 'nl', 'Roemeens'),
(2875, 'ro', 'nb', 'Romanian'),
(2876, 'ro', 'pa', 'Romanian'),
(2877, 'ro', 'pl', 'rumuński'),
(2878, 'ro', 'pt-pt', 'Romeno'),
(2879, 'ro', 'pt-br', 'Romeno'),
(2880, 'ro', 'qu', 'Romanian'),
(2881, 'ro', 'ro', 'Română'),
(2882, 'ro', 'ru', 'Румынский'),
(2883, 'ro', 'sl', 'Romanian'),
(2884, 'ro', 'so', 'Romanian'),
(2885, 'ro', 'sq', 'Romanian'),
(2886, 'ro', 'sr', 'Romanian'),
(2887, 'ro', 'sv', 'Rumänska'),
(2888, 'ro', 'ta', 'Romanian'),
(2889, 'ro', 'th', 'โรมาเนีย'),
(2890, 'ro', 'tr', 'Rumence'),
(2891, 'ro', 'uk', 'Romanian'),
(2892, 'ro', 'ur', 'Romanian'),
(2893, 'ro', 'uz', 'Romanian'),
(2894, 'ro', 'vi', 'Romanian'),
(2895, 'ro', 'yi', 'Romanian'),
(2896, 'ro', 'zh-hans', '罗马尼亚语'),
(2897, 'ro', 'zu', 'Romanian'),
(2898, 'ro', 'zh-hant', '羅馬尼亞語'),
(2899, 'ru', 'en', 'Russian'),
(2900, 'ru', 'es', 'Ruso') ;
INSERT INTO `wp_icl_languages_translations` ( `id`, `language_code`, `display_language_code`, `name`) VALUES
(2901, 'ru', 'de', 'Russisch'),
(2902, 'ru', 'fr', 'Russe'),
(2903, 'ru', 'ar', 'الروسية'),
(2904, 'ru', 'bs', 'Russian'),
(2905, 'ru', 'bg', 'Russian'),
(2906, 'ru', 'ca', 'Russian'),
(2907, 'ru', 'cs', 'Russian'),
(2908, 'ru', 'sk', 'Ruština'),
(2909, 'ru', 'cy', 'Russian'),
(2910, 'ru', 'da', 'Russian'),
(2911, 'ru', 'el', 'Ρωσικα'),
(2912, 'ru', 'eo', 'Russian'),
(2913, 'ru', 'et', 'Russian'),
(2914, 'ru', 'eu', 'Russian'),
(2915, 'ru', 'fa', 'Russian'),
(2916, 'ru', 'fi', 'venäjä'),
(2917, 'ru', 'ga', 'Russian'),
(2918, 'ru', 'he', 'רוסית'),
(2919, 'ru', 'hi', 'Russian'),
(2920, 'ru', 'hr', 'Russian'),
(2921, 'ru', 'hu', 'orosz'),
(2922, 'ru', 'hy', 'Russian'),
(2923, 'ru', 'id', 'Russian'),
(2924, 'ru', 'is', 'Russian'),
(2925, 'ru', 'it', 'Russo'),
(2926, 'ru', 'ja', 'ロシア語'),
(2927, 'ru', 'ko', '러시아어'),
(2928, 'ru', 'ku', 'Russian'),
(2929, 'ru', 'la', 'Russian'),
(2930, 'ru', 'lv', 'Russian'),
(2931, 'ru', 'lt', 'Russian'),
(2932, 'ru', 'mk', 'Russian'),
(2933, 'ru', 'mt', 'Russian'),
(2934, 'ru', 'mo', 'Russian'),
(2935, 'ru', 'mn', 'Russian'),
(2936, 'ru', 'ne', 'Russian'),
(2937, 'ru', 'nl', 'Russisch'),
(2938, 'ru', 'nb', 'Russian'),
(2939, 'ru', 'pa', 'Russian'),
(2940, 'ru', 'pl', 'rosyjski'),
(2941, 'ru', 'pt-pt', 'Russo'),
(2942, 'ru', 'pt-br', 'Russo'),
(2943, 'ru', 'qu', 'Russian'),
(2944, 'ru', 'ro', 'Rusă'),
(2945, 'ru', 'ru', 'Русский'),
(2946, 'ru', 'sl', 'Russian'),
(2947, 'ru', 'so', 'Russian'),
(2948, 'ru', 'sq', 'Russian'),
(2949, 'ru', 'sr', 'Russian'),
(2950, 'ru', 'sv', 'Ryska'),
(2951, 'ru', 'ta', 'Russian'),
(2952, 'ru', 'th', 'รัสเซีย'),
(2953, 'ru', 'tr', 'Rusça'),
(2954, 'ru', 'uk', 'Russian'),
(2955, 'ru', 'ur', 'Russian'),
(2956, 'ru', 'uz', 'Russian'),
(2957, 'ru', 'vi', 'Russian'),
(2958, 'ru', 'yi', 'Russian'),
(2959, 'ru', 'zh-hans', '俄语'),
(2960, 'ru', 'zu', 'Russian'),
(2961, 'ru', 'zh-hant', '俄語'),
(2962, 'sl', 'en', 'Slovenian'),
(2963, 'sl', 'es', 'Esloveno'),
(2964, 'sl', 'de', 'Slowenisch'),
(2965, 'sl', 'fr', 'Slovène'),
(2966, 'sl', 'ar', 'السلوفانية'),
(2967, 'sl', 'bs', 'Slovenian'),
(2968, 'sl', 'bg', 'Slovenian'),
(2969, 'sl', 'ca', 'Slovenian'),
(2970, 'sl', 'cs', 'Slovenian'),
(2971, 'sl', 'sk', 'Slovinčina'),
(2972, 'sl', 'cy', 'Slovenian'),
(2973, 'sl', 'da', 'Slovenian'),
(2974, 'sl', 'el', 'Σλοβενικα'),
(2975, 'sl', 'eo', 'Slovenian'),
(2976, 'sl', 'et', 'Slovenian'),
(2977, 'sl', 'eu', 'Slovenian'),
(2978, 'sl', 'fa', 'Slovenian'),
(2979, 'sl', 'fi', 'sloveeni'),
(2980, 'sl', 'ga', 'Slovenian'),
(2981, 'sl', 'he', 'Slovenian'),
(2982, 'sl', 'hi', 'Slovenian'),
(2983, 'sl', 'hr', 'Slovenian'),
(2984, 'sl', 'hu', 'szlovén'),
(2985, 'sl', 'hy', 'Slovenian'),
(2986, 'sl', 'id', 'Slovenian'),
(2987, 'sl', 'is', 'Slovenian'),
(2988, 'sl', 'it', 'Sloveno'),
(2989, 'sl', 'ja', 'スロベニア語'),
(2990, 'sl', 'ko', '슬로베니아어'),
(2991, 'sl', 'ku', 'Slovenian'),
(2992, 'sl', 'la', 'Slovenian'),
(2993, 'sl', 'lv', 'Slovenian'),
(2994, 'sl', 'lt', 'Slovenian'),
(2995, 'sl', 'mk', 'Slovenian'),
(2996, 'sl', 'mt', 'Slovenian'),
(2997, 'sl', 'mo', 'Slovenian'),
(2998, 'sl', 'mn', 'Slovenian'),
(2999, 'sl', 'ne', 'Slovenian'),
(3000, 'sl', 'nl', 'Sloveens') ;
INSERT INTO `wp_icl_languages_translations` ( `id`, `language_code`, `display_language_code`, `name`) VALUES
(3001, 'sl', 'nb', 'Slovenian'),
(3002, 'sl', 'pa', 'Slovenian'),
(3003, 'sl', 'pl', 'słoweński'),
(3004, 'sl', 'pt-pt', 'Esloveno'),
(3005, 'sl', 'pt-br', 'Esloveno'),
(3006, 'sl', 'qu', 'Slovenian'),
(3007, 'sl', 'ro', 'Slovenă'),
(3008, 'sl', 'ru', 'Словенский'),
(3009, 'sl', 'sl', 'Slovenian'),
(3010, 'sl', 'so', 'Slovenian'),
(3011, 'sl', 'sq', 'Slovenian'),
(3012, 'sl', 'sr', 'Slovenian'),
(3013, 'sl', 'sv', 'Slovenska'),
(3014, 'sl', 'ta', 'Slovenian'),
(3015, 'sl', 'th', 'สโลวีเนียน'),
(3016, 'sl', 'tr', 'Sloven dili'),
(3017, 'sl', 'uk', 'Slovenian'),
(3018, 'sl', 'ur', 'Slovenian'),
(3019, 'sl', 'uz', 'Slovenian'),
(3020, 'sl', 'vi', 'Slovenian'),
(3021, 'sl', 'yi', 'Slovenian'),
(3022, 'sl', 'zh-hans', '斯洛文尼亚语'),
(3023, 'sl', 'zu', 'Slovenian'),
(3024, 'sl', 'zh-hant', '斯洛文尼亞語'),
(3025, 'so', 'en', 'Somali'),
(3026, 'so', 'es', 'Somalí'),
(3027, 'so', 'de', 'Somali'),
(3028, 'so', 'fr', 'Somali'),
(3029, 'so', 'ar', 'الصومالية'),
(3030, 'so', 'bs', 'Somali'),
(3031, 'so', 'bg', 'Somali'),
(3032, 'so', 'ca', 'Somali'),
(3033, 'so', 'cs', 'Somali'),
(3034, 'so', 'sk', 'Somálčina'),
(3035, 'so', 'cy', 'Somali'),
(3036, 'so', 'da', 'Somali'),
(3037, 'so', 'el', 'Somali'),
(3038, 'so', 'eo', 'Somali'),
(3039, 'so', 'et', 'Somali'),
(3040, 'so', 'eu', 'Somali'),
(3041, 'so', 'fa', 'Somali'),
(3042, 'so', 'fi', 'somali'),
(3043, 'so', 'ga', 'Somali'),
(3044, 'so', 'he', 'Somali'),
(3045, 'so', 'hi', 'Somali'),
(3046, 'so', 'hr', 'Somali'),
(3047, 'so', 'hu', 'szomáli'),
(3048, 'so', 'hy', 'Somali'),
(3049, 'so', 'id', 'Somali'),
(3050, 'so', 'is', 'Somali'),
(3051, 'so', 'it', 'Somalo'),
(3052, 'so', 'ja', 'ソマリ語'),
(3053, 'so', 'ko', '소말리아어'),
(3054, 'so', 'ku', 'Somali'),
(3055, 'so', 'la', 'Somali'),
(3056, 'so', 'lv', 'Somali'),
(3057, 'so', 'lt', 'Somali'),
(3058, 'so', 'mk', 'Somali'),
(3059, 'so', 'mt', 'Somali'),
(3060, 'so', 'mo', 'Somali'),
(3061, 'so', 'mn', 'Somali'),
(3062, 'so', 'ne', 'Somali'),
(3063, 'so', 'nl', 'Somalisch'),
(3064, 'so', 'nb', 'Somali'),
(3065, 'so', 'pa', 'Somali'),
(3066, 'so', 'pl', 'somalijski'),
(3067, 'so', 'pt-pt', 'Somali'),
(3068, 'so', 'pt-br', 'Somali'),
(3069, 'so', 'qu', 'Somali'),
(3070, 'so', 'ro', 'Somaleză'),
(3071, 'so', 'ru', 'Сомалийский'),
(3072, 'so', 'sl', 'Somali'),
(3073, 'so', 'so', 'Somali'),
(3074, 'so', 'sq', 'Somali'),
(3075, 'so', 'sr', 'Somali'),
(3076, 'so', 'sv', 'Somaliska'),
(3077, 'so', 'ta', 'Somali'),
(3078, 'so', 'th', 'โซมาลี'),
(3079, 'so', 'tr', 'Somalice'),
(3080, 'so', 'uk', 'Somali'),
(3081, 'so', 'ur', 'Somali'),
(3082, 'so', 'uz', 'Somali'),
(3083, 'so', 'vi', 'Somali'),
(3084, 'so', 'yi', 'Somali'),
(3085, 'so', 'zh-hans', '索马里语'),
(3086, 'so', 'zu', 'Somali'),
(3087, 'so', 'zh-hant', '索馬里語'),
(3088, 'sq', 'en', 'Albanian'),
(3089, 'sq', 'es', 'Albanés'),
(3090, 'sq', 'de', 'Albanisch'),
(3091, 'sq', 'fr', 'Albanais'),
(3092, 'sq', 'ar', 'الألبانية'),
(3093, 'sq', 'bs', 'Albanian'),
(3094, 'sq', 'bg', 'Albanian'),
(3095, 'sq', 'ca', 'Albanian'),
(3096, 'sq', 'cs', 'Albanian'),
(3097, 'sq', 'sk', 'Albánčina'),
(3098, 'sq', 'cy', 'Albanian'),
(3099, 'sq', 'da', 'Albanian'),
(3100, 'sq', 'el', 'Αλβανικα') ;
INSERT INTO `wp_icl_languages_translations` ( `id`, `language_code`, `display_language_code`, `name`) VALUES
(3101, 'sq', 'eo', 'Albanian'),
(3102, 'sq', 'et', 'Albanian'),
(3103, 'sq', 'eu', 'Albanian'),
(3104, 'sq', 'fa', 'Albanian'),
(3105, 'sq', 'fi', 'albania'),
(3106, 'sq', 'ga', 'Albanian'),
(3107, 'sq', 'he', 'Albanian'),
(3108, 'sq', 'hi', 'Albanian'),
(3109, 'sq', 'hr', 'Albanian'),
(3110, 'sq', 'hu', 'albán'),
(3111, 'sq', 'hy', 'Albanian'),
(3112, 'sq', 'id', 'Albanian'),
(3113, 'sq', 'is', 'Albanian'),
(3114, 'sq', 'it', 'Albanese'),
(3115, 'sq', 'ja', 'アルバニア語'),
(3116, 'sq', 'ko', '알바니아어'),
(3117, 'sq', 'ku', 'Albanian'),
(3118, 'sq', 'la', 'Albanian'),
(3119, 'sq', 'lv', 'Albanian'),
(3120, 'sq', 'lt', 'Albanian'),
(3121, 'sq', 'mk', 'Albanian'),
(3122, 'sq', 'mt', 'Albanian'),
(3123, 'sq', 'mo', 'Albanian'),
(3124, 'sq', 'mn', 'Albanian'),
(3125, 'sq', 'ne', 'Albanian'),
(3126, 'sq', 'nl', 'Albaans'),
(3127, 'sq', 'nb', 'Albanian'),
(3128, 'sq', 'pa', 'Albanian'),
(3129, 'sq', 'pl', 'albański'),
(3130, 'sq', 'pt-pt', 'Albanês'),
(3131, 'sq', 'pt-br', 'Albanês'),
(3132, 'sq', 'qu', 'Albanian'),
(3133, 'sq', 'ro', 'Albaneză'),
(3134, 'sq', 'ru', 'Албанский'),
(3135, 'sq', 'sl', 'Albanian'),
(3136, 'sq', 'so', 'Albanian'),
(3137, 'sq', 'sq', 'Albanian'),
(3138, 'sq', 'sr', 'Albanian'),
(3139, 'sq', 'sv', 'Albanska'),
(3140, 'sq', 'ta', 'Albanian'),
(3141, 'sq', 'th', 'อัลเบเนีย'),
(3142, 'sq', 'tr', 'Arnavutça'),
(3143, 'sq', 'uk', 'Albanian'),
(3144, 'sq', 'ur', 'Albanian'),
(3145, 'sq', 'uz', 'Albanian'),
(3146, 'sq', 'vi', 'Albanian'),
(3147, 'sq', 'yi', 'Albanian'),
(3148, 'sq', 'zh-hans', '阿尔巴尼亚语'),
(3149, 'sq', 'zu', 'Albanian'),
(3150, 'sq', 'zh-hant', '阿爾巴尼亞語'),
(3151, 'sr', 'en', 'Serbian'),
(3152, 'sr', 'es', 'Serbio'),
(3153, 'sr', 'de', 'Serbisch'),
(3154, 'sr', 'fr', 'Serbe'),
(3155, 'sr', 'ar', 'الصربية'),
(3156, 'sr', 'bs', 'Serbian'),
(3157, 'sr', 'bg', 'Serbian'),
(3158, 'sr', 'ca', 'Serbian'),
(3159, 'sr', 'cs', 'Serbian'),
(3160, 'sr', 'sk', 'Srbština'),
(3161, 'sr', 'cy', 'Serbian'),
(3162, 'sr', 'da', 'Serbian'),
(3163, 'sr', 'el', 'Σερβικα'),
(3164, 'sr', 'eo', 'Serbian'),
(3165, 'sr', 'et', 'Serbian'),
(3166, 'sr', 'eu', 'Serbian'),
(3167, 'sr', 'fa', 'Serbian'),
(3168, 'sr', 'fi', 'serbia'),
(3169, 'sr', 'ga', 'Serbian'),
(3170, 'sr', 'he', 'Serbian'),
(3171, 'sr', 'hi', 'Serbian'),
(3172, 'sr', 'hr', 'Serbian'),
(3173, 'sr', 'hu', 'szerb'),
(3174, 'sr', 'hy', 'Serbian'),
(3175, 'sr', 'id', 'Serbian'),
(3176, 'sr', 'is', 'Serbian'),
(3177, 'sr', 'it', 'Serbo'),
(3178, 'sr', 'ja', 'セルビア語'),
(3179, 'sr', 'ko', '세르비아어'),
(3180, 'sr', 'ku', 'Serbian'),
(3181, 'sr', 'la', 'Serbian'),
(3182, 'sr', 'lv', 'Serbian'),
(3183, 'sr', 'lt', 'Serbian'),
(3184, 'sr', 'mk', 'Serbian'),
(3185, 'sr', 'mt', 'Serbian'),
(3186, 'sr', 'mo', 'Serbian'),
(3187, 'sr', 'mn', 'Serbian'),
(3188, 'sr', 'ne', 'Serbian'),
(3189, 'sr', 'nl', 'Servisch'),
(3190, 'sr', 'nb', 'Serbian'),
(3191, 'sr', 'pa', 'Serbian'),
(3192, 'sr', 'pl', 'serbski'),
(3193, 'sr', 'pt-pt', 'Sérvio'),
(3194, 'sr', 'pt-br', 'Sérvio'),
(3195, 'sr', 'qu', 'Serbian'),
(3196, 'sr', 'ro', 'Sârbă'),
(3197, 'sr', 'ru', 'Сербский'),
(3198, 'sr', 'sl', 'Serbian'),
(3199, 'sr', 'so', 'Serbian'),
(3200, 'sr', 'sq', 'Serbian') ;
INSERT INTO `wp_icl_languages_translations` ( `id`, `language_code`, `display_language_code`, `name`) VALUES
(3201, 'sr', 'sr', 'Serbian'),
(3202, 'sr', 'sv', 'Serbiska'),
(3203, 'sr', 'ta', 'Serbian'),
(3204, 'sr', 'th', 'เซอร์เบีย'),
(3205, 'sr', 'tr', 'Sırpça'),
(3206, 'sr', 'uk', 'Serbian'),
(3207, 'sr', 'ur', 'Serbian'),
(3208, 'sr', 'uz', 'Serbian'),
(3209, 'sr', 'vi', 'Serbian'),
(3210, 'sr', 'yi', 'Serbian'),
(3211, 'sr', 'zh-hans', '赛尔维亚语'),
(3212, 'sr', 'zu', 'Serbian'),
(3213, 'sr', 'zh-hant', '賽爾維亞語'),
(3214, 'sv', 'en', 'Swedish'),
(3215, 'sv', 'es', 'Sueco'),
(3216, 'sv', 'de', 'Schwedisch'),
(3217, 'sv', 'fr', 'Suédois'),
(3218, 'sv', 'ar', 'السويدية'),
(3219, 'sv', 'bs', 'Swedish'),
(3220, 'sv', 'bg', 'Swedish'),
(3221, 'sv', 'ca', 'Swedish'),
(3222, 'sv', 'cs', 'Swedish'),
(3223, 'sv', 'sk', 'Švédština'),
(3224, 'sv', 'cy', 'Swedish'),
(3225, 'sv', 'da', 'Swedish'),
(3226, 'sv', 'el', 'Σουηδικη'),
(3227, 'sv', 'eo', 'Swedish'),
(3228, 'sv', 'et', 'Swedish'),
(3229, 'sv', 'eu', 'Swedish'),
(3230, 'sv', 'fa', 'Swedish'),
(3231, 'sv', 'fi', 'ruotsi'),
(3232, 'sv', 'ga', 'Swedish'),
(3233, 'sv', 'he', 'שוודית'),
(3234, 'sv', 'hi', 'Swedish'),
(3235, 'sv', 'hr', 'Swedish'),
(3236, 'sv', 'hu', 'svéd'),
(3237, 'sv', 'hy', 'Swedish'),
(3238, 'sv', 'id', 'Swedish'),
(3239, 'sv', 'is', 'Swedish'),
(3240, 'sv', 'it', 'Svedese'),
(3241, 'sv', 'ja', 'スウェーデン語'),
(3242, 'sv', 'ko', '스웨덴어'),
(3243, 'sv', 'ku', 'Swedish'),
(3244, 'sv', 'la', 'Swedish'),
(3245, 'sv', 'lv', 'Swedish'),
(3246, 'sv', 'lt', 'Swedish'),
(3247, 'sv', 'mk', 'Swedish'),
(3248, 'sv', 'mt', 'Swedish'),
(3249, 'sv', 'mo', 'Swedish'),
(3250, 'sv', 'mn', 'Swedish'),
(3251, 'sv', 'ne', 'Swedish'),
(3252, 'sv', 'nl', 'Zweeds'),
(3253, 'sv', 'nb', 'Swedish'),
(3254, 'sv', 'pa', 'Swedish'),
(3255, 'sv', 'pl', 'szwedzki'),
(3256, 'sv', 'pt-pt', 'Sueco'),
(3257, 'sv', 'pt-br', 'Sueco'),
(3258, 'sv', 'qu', 'Swedish'),
(3259, 'sv', 'ro', 'Suedeză'),
(3260, 'sv', 'ru', 'Шведский'),
(3261, 'sv', 'sl', 'Swedish'),
(3262, 'sv', 'so', 'Swedish'),
(3263, 'sv', 'sq', 'Swedish'),
(3264, 'sv', 'sr', 'Swedish'),
(3265, 'sv', 'sv', 'Svenska'),
(3266, 'sv', 'ta', 'Swedish'),
(3267, 'sv', 'th', 'สวีเดน'),
(3268, 'sv', 'tr', 'İsveççe'),
(3269, 'sv', 'uk', 'Swedish'),
(3270, 'sv', 'ur', 'Swedish'),
(3271, 'sv', 'uz', 'Swedish'),
(3272, 'sv', 'vi', 'Swedish'),
(3273, 'sv', 'yi', 'Swedish'),
(3274, 'sv', 'zh-hans', '瑞典语'),
(3275, 'sv', 'zu', 'Swedish'),
(3276, 'sv', 'zh-hant', '瑞典語'),
(3277, 'ta', 'en', 'Tamil'),
(3278, 'ta', 'es', 'Tamil'),
(3279, 'ta', 'de', 'Tamil'),
(3280, 'ta', 'fr', 'Tamoul'),
(3281, 'ta', 'ar', 'التاميلية'),
(3282, 'ta', 'bs', 'Tamil'),
(3283, 'ta', 'bg', 'Tamil'),
(3284, 'ta', 'ca', 'Tamil'),
(3285, 'ta', 'cs', 'Tamil'),
(3286, 'ta', 'sk', 'Tamilčina'),
(3287, 'ta', 'cy', 'Tamil'),
(3288, 'ta', 'da', 'Tamil'),
(3289, 'ta', 'el', 'Ταμιλ'),
(3290, 'ta', 'eo', 'Tamil'),
(3291, 'ta', 'et', 'Tamil'),
(3292, 'ta', 'eu', 'Tamil'),
(3293, 'ta', 'fa', 'Tamil'),
(3294, 'ta', 'fi', 'tamili'),
(3295, 'ta', 'ga', 'Tamil'),
(3296, 'ta', 'he', 'Tamil'),
(3297, 'ta', 'hi', 'Tamil'),
(3298, 'ta', 'hr', 'Tamil'),
(3299, 'ta', 'hu', 'tamil'),
(3300, 'ta', 'hy', 'Tamil') ;
INSERT INTO `wp_icl_languages_translations` ( `id`, `language_code`, `display_language_code`, `name`) VALUES
(3301, 'ta', 'id', 'Tamil'),
(3302, 'ta', 'is', 'Tamil'),
(3303, 'ta', 'it', 'Tamil'),
(3304, 'ta', 'ja', 'タミル語'),
(3305, 'ta', 'ko', '타밀어'),
(3306, 'ta', 'ku', 'Tamil'),
(3307, 'ta', 'la', 'Tamil'),
(3308, 'ta', 'lv', 'Tamil'),
(3309, 'ta', 'lt', 'Tamil'),
(3310, 'ta', 'mk', 'Tamil'),
(3311, 'ta', 'mt', 'Tamil'),
(3312, 'ta', 'mo', 'Tamil'),
(3313, 'ta', 'mn', 'Tamil'),
(3314, 'ta', 'ne', 'Tamil'),
(3315, 'ta', 'nl', 'Tamil'),
(3316, 'ta', 'nb', 'Tamil'),
(3317, 'ta', 'pa', 'Tamil'),
(3318, 'ta', 'pl', 'tamilski'),
(3319, 'ta', 'pt-pt', 'Tamil'),
(3320, 'ta', 'pt-br', 'Tamil'),
(3321, 'ta', 'qu', 'Tamil'),
(3322, 'ta', 'ro', 'Tamilă'),
(3323, 'ta', 'ru', 'Тамильский'),
(3324, 'ta', 'sl', 'Tamil'),
(3325, 'ta', 'so', 'Tamil'),
(3326, 'ta', 'sq', 'Tamil'),
(3327, 'ta', 'sr', 'Tamil'),
(3328, 'ta', 'sv', 'Tamil'),
(3329, 'ta', 'ta', 'Tamil'),
(3330, 'ta', 'th', 'ทมิฬ'),
(3331, 'ta', 'tr', 'Tamil dili'),
(3332, 'ta', 'uk', 'Tamil'),
(3333, 'ta', 'ur', 'Tamil'),
(3334, 'ta', 'uz', 'Tamil'),
(3335, 'ta', 'vi', 'Tamil'),
(3336, 'ta', 'yi', 'Tamil'),
(3337, 'ta', 'zh-hans', '泰米尔语'),
(3338, 'ta', 'zu', 'Tamil'),
(3339, 'ta', 'zh-hant', '泰米爾語'),
(3340, 'th', 'en', 'Thai'),
(3341, 'th', 'es', 'Tailandés'),
(3342, 'th', 'de', 'Thai'),
(3343, 'th', 'fr', 'Thaï'),
(3344, 'th', 'ar', 'التايلندية'),
(3345, 'th', 'bs', 'Thai'),
(3346, 'th', 'bg', 'Thai'),
(3347, 'th', 'ca', 'Thai'),
(3348, 'th', 'cs', 'Thai'),
(3349, 'th', 'sk', 'Thajština'),
(3350, 'th', 'cy', 'Thai'),
(3351, 'th', 'da', 'Thai'),
(3352, 'th', 'el', 'Thai'),
(3353, 'th', 'eo', 'Thai'),
(3354, 'th', 'et', 'Thai'),
(3355, 'th', 'eu', 'Thai'),
(3356, 'th', 'fa', 'Thai'),
(3357, 'th', 'fi', 'thai'),
(3358, 'th', 'ga', 'Thai'),
(3359, 'th', 'he', 'Thai'),
(3360, 'th', 'hi', 'Thai'),
(3361, 'th', 'hr', 'Thai'),
(3362, 'th', 'hu', 'tájföldi'),
(3363, 'th', 'hy', 'Thai'),
(3364, 'th', 'id', 'Thai'),
(3365, 'th', 'is', 'Thai'),
(3366, 'th', 'it', 'Thai'),
(3367, 'th', 'ja', 'タイ語'),
(3368, 'th', 'ko', '태국어'),
(3369, 'th', 'ku', 'Thai'),
(3370, 'th', 'la', 'Thai'),
(3371, 'th', 'lv', 'Thai'),
(3372, 'th', 'lt', 'Thai'),
(3373, 'th', 'mk', 'Thai'),
(3374, 'th', 'mt', 'Thai'),
(3375, 'th', 'mo', 'Thai'),
(3376, 'th', 'mn', 'Thai'),
(3377, 'th', 'ne', 'Thai'),
(3378, 'th', 'nl', 'Thai'),
(3379, 'th', 'nb', 'Thai'),
(3380, 'th', 'pa', 'Thai'),
(3381, 'th', 'pl', 'tajski'),
(3382, 'th', 'pt-pt', 'Tailandês'),
(3383, 'th', 'pt-br', 'Tailandês'),
(3384, 'th', 'qu', 'Thai'),
(3385, 'th', 'ro', 'Tailandeză'),
(3386, 'th', 'ru', 'Тайский'),
(3387, 'th', 'sl', 'Thai'),
(3388, 'th', 'so', 'Thai'),
(3389, 'th', 'sq', 'Thai'),
(3390, 'th', 'sr', 'Thai'),
(3391, 'th', 'sv', 'Thailändska'),
(3392, 'th', 'ta', 'Thai'),
(3393, 'th', 'th', 'ไทย'),
(3394, 'th', 'tr', 'Tayca'),
(3395, 'th', 'uk', 'Thai'),
(3396, 'th', 'ur', 'Thai'),
(3397, 'th', 'uz', 'Thai'),
(3398, 'th', 'vi', 'Thai'),
(3399, 'th', 'yi', 'Thai'),
(3400, 'th', 'zh-hans', '泰语') ;
INSERT INTO `wp_icl_languages_translations` ( `id`, `language_code`, `display_language_code`, `name`) VALUES
(3401, 'th', 'zu', 'Thai'),
(3402, 'th', 'zh-hant', '泰語'),
(3403, 'tr', 'en', 'Turkish'),
(3404, 'tr', 'es', 'Turco'),
(3405, 'tr', 'de', 'Türkisch'),
(3406, 'tr', 'fr', 'Turc'),
(3407, 'tr', 'ar', 'التركية'),
(3408, 'tr', 'bs', 'Turkish'),
(3409, 'tr', 'bg', 'Turkish'),
(3410, 'tr', 'ca', 'Turkish'),
(3411, 'tr', 'cs', 'Turkish'),
(3412, 'tr', 'sk', 'Turečtina'),
(3413, 'tr', 'cy', 'Turkish'),
(3414, 'tr', 'da', 'Turkish'),
(3415, 'tr', 'el', 'Τουρκικα'),
(3416, 'tr', 'eo', 'Turkish'),
(3417, 'tr', 'et', 'Turkish'),
(3418, 'tr', 'eu', 'Turkish'),
(3419, 'tr', 'fa', 'Turkish'),
(3420, 'tr', 'fi', 'turkki'),
(3421, 'tr', 'ga', 'Turkish'),
(3422, 'tr', 'he', 'תורכית'),
(3423, 'tr', 'hi', 'Turkish'),
(3424, 'tr', 'hr', 'Turkish'),
(3425, 'tr', 'hu', 'török'),
(3426, 'tr', 'hy', 'Turkish'),
(3427, 'tr', 'id', 'Turkish'),
(3428, 'tr', 'is', 'Turkish'),
(3429, 'tr', 'it', 'Turco'),
(3430, 'tr', 'ja', 'トルコ語'),
(3431, 'tr', 'ko', '터어키어'),
(3432, 'tr', 'ku', 'Turkish'),
(3433, 'tr', 'la', 'Turkish'),
(3434, 'tr', 'lv', 'Turkish'),
(3435, 'tr', 'lt', 'Turkish'),
(3436, 'tr', 'mk', 'Turkish'),
(3437, 'tr', 'mt', 'Turkish'),
(3438, 'tr', 'mo', 'Turkish'),
(3439, 'tr', 'mn', 'Turkish'),
(3440, 'tr', 'ne', 'Turkish'),
(3441, 'tr', 'nl', 'Turks'),
(3442, 'tr', 'nb', 'Turkish'),
(3443, 'tr', 'pa', 'Turkish'),
(3444, 'tr', 'pl', 'turecki'),
(3445, 'tr', 'pt-pt', 'Turco'),
(3446, 'tr', 'pt-br', 'Turco'),
(3447, 'tr', 'qu', 'Turkish'),
(3448, 'tr', 'ro', 'Turcă'),
(3449, 'tr', 'ru', 'Турецкий'),
(3450, 'tr', 'sl', 'Turkish'),
(3451, 'tr', 'so', 'Turkish'),
(3452, 'tr', 'sq', 'Turkish'),
(3453, 'tr', 'sr', 'Turkish'),
(3454, 'tr', 'sv', 'Turkiska'),
(3455, 'tr', 'ta', 'Turkish'),
(3456, 'tr', 'th', 'ตุรกี'),
(3457, 'tr', 'tr', 'Türkçe'),
(3458, 'tr', 'uk', 'Turkish'),
(3459, 'tr', 'ur', 'Turkish'),
(3460, 'tr', 'uz', 'Turkish'),
(3461, 'tr', 'vi', 'Turkish'),
(3462, 'tr', 'yi', 'Turkish'),
(3463, 'tr', 'zh-hans', '土耳其语'),
(3464, 'tr', 'zu', 'Turkish'),
(3465, 'tr', 'zh-hant', '土耳其語'),
(3466, 'uk', 'en', 'Ukrainian'),
(3467, 'uk', 'es', 'Ucraniano'),
(3468, 'uk', 'de', 'Ukrainisch'),
(3469, 'uk', 'fr', 'Ukrainien'),
(3470, 'uk', 'ar', 'الأوكرانية'),
(3471, 'uk', 'bs', 'Ukrainian'),
(3472, 'uk', 'bg', 'Ukrainian'),
(3473, 'uk', 'ca', 'Ukrainian'),
(3474, 'uk', 'cs', 'Ukrainian'),
(3475, 'uk', 'sk', 'Ukrajinčina'),
(3476, 'uk', 'cy', 'Ukrainian'),
(3477, 'uk', 'da', 'Ukrainian'),
(3478, 'uk', 'el', 'Ουκρανικα'),
(3479, 'uk', 'eo', 'Ukrainian'),
(3480, 'uk', 'et', 'Ukrainian'),
(3481, 'uk', 'eu', 'Ukrainian'),
(3482, 'uk', 'fa', 'Ukrainian'),
(3483, 'uk', 'fi', 'ukraina'),
(3484, 'uk', 'ga', 'Ukrainian'),
(3485, 'uk', 'he', 'Ukrainian'),
(3486, 'uk', 'hi', 'Ukrainian'),
(3487, 'uk', 'hr', 'Ukrainian'),
(3488, 'uk', 'hu', 'ukrán'),
(3489, 'uk', 'hy', 'Ukrainian'),
(3490, 'uk', 'id', 'Ukrainian'),
(3491, 'uk', 'is', 'Ukrainian'),
(3492, 'uk', 'it', 'Ucraino'),
(3493, 'uk', 'ja', 'ウクライナ語'),
(3494, 'uk', 'ko', '우크라이나어'),
(3495, 'uk', 'ku', 'Ukrainian'),
(3496, 'uk', 'la', 'Ukrainian'),
(3497, 'uk', 'lv', 'Ukrainian'),
(3498, 'uk', 'lt', 'Ukrainian'),
(3499, 'uk', 'mk', 'Ukrainian'),
(3500, 'uk', 'mt', 'Ukrainian') ;
INSERT INTO `wp_icl_languages_translations` ( `id`, `language_code`, `display_language_code`, `name`) VALUES
(3501, 'uk', 'mo', 'Ukrainian'),
(3502, 'uk', 'mn', 'Ukrainian'),
(3503, 'uk', 'ne', 'Ukrainian'),
(3504, 'uk', 'nl', 'Oekraïens'),
(3505, 'uk', 'nb', 'Ukrainian'),
(3506, 'uk', 'pa', 'Ukrainian'),
(3507, 'uk', 'pl', 'ukraiński'),
(3508, 'uk', 'pt-pt', 'Ucraniano'),
(3509, 'uk', 'pt-br', 'Ucraniano'),
(3510, 'uk', 'qu', 'Ukrainian'),
(3511, 'uk', 'ro', 'Ucrainiană'),
(3512, 'uk', 'ru', 'Украинский'),
(3513, 'uk', 'sl', 'Ukrainian'),
(3514, 'uk', 'so', 'Ukrainian'),
(3515, 'uk', 'sq', 'Ukrainian'),
(3516, 'uk', 'sr', 'Ukrainian'),
(3517, 'uk', 'sv', 'Ukrainska'),
(3518, 'uk', 'ta', 'Ukrainian'),
(3519, 'uk', 'th', 'ยูเครน'),
(3520, 'uk', 'tr', 'Ukraynaca'),
(3521, 'uk', 'uk', 'Ukrainian'),
(3522, 'uk', 'ur', 'Ukrainian'),
(3523, 'uk', 'uz', 'Ukrainian'),
(3524, 'uk', 'vi', 'Ukrainian'),
(3525, 'uk', 'yi', 'Ukrainian'),
(3526, 'uk', 'zh-hans', '乌克兰语'),
(3527, 'uk', 'zu', 'Ukrainian'),
(3528, 'uk', 'zh-hant', '烏克蘭語'),
(3529, 'ur', 'en', 'Urdu'),
(3530, 'ur', 'es', 'Urdu'),
(3531, 'ur', 'de', 'Urdu'),
(3532, 'ur', 'fr', 'Ourdu'),
(3533, 'ur', 'ar', 'الأردية'),
(3534, 'ur', 'bs', 'Urdu'),
(3535, 'ur', 'bg', 'Urdu'),
(3536, 'ur', 'ca', 'Urdu'),
(3537, 'ur', 'cs', 'Urdu'),
(3538, 'ur', 'sk', 'Urdština'),
(3539, 'ur', 'cy', 'Urdu'),
(3540, 'ur', 'da', 'Urdu'),
(3541, 'ur', 'el', 'Ουρντου'),
(3542, 'ur', 'eo', 'Urdu'),
(3543, 'ur', 'et', 'Urdu'),
(3544, 'ur', 'eu', 'Urdu'),
(3545, 'ur', 'fa', 'Urdu'),
(3546, 'ur', 'fi', 'urdu'),
(3547, 'ur', 'ga', 'Urdu'),
(3548, 'ur', 'he', 'Urdu'),
(3549, 'ur', 'hi', 'Urdu'),
(3550, 'ur', 'hr', 'Urdu'),
(3551, 'ur', 'hu', 'urdu'),
(3552, 'ur', 'hy', 'Urdu'),
(3553, 'ur', 'id', 'Urdu'),
(3554, 'ur', 'is', 'Urdu'),
(3555, 'ur', 'it', 'Urdu'),
(3556, 'ur', 'ja', 'ウルドゥー語'),
(3557, 'ur', 'ko', '우르두어'),
(3558, 'ur', 'ku', 'Urdu'),
(3559, 'ur', 'la', 'Urdu'),
(3560, 'ur', 'lv', 'Urdu'),
(3561, 'ur', 'lt', 'Urdu'),
(3562, 'ur', 'mk', 'Urdu'),
(3563, 'ur', 'mt', 'Urdu'),
(3564, 'ur', 'mo', 'Urdu'),
(3565, 'ur', 'mn', 'Urdu'),
(3566, 'ur', 'ne', 'Urdu'),
(3567, 'ur', 'nl', 'Urdu'),
(3568, 'ur', 'nb', 'Urdu'),
(3569, 'ur', 'pa', 'Urdu'),
(3570, 'ur', 'pl', 'urdu'),
(3571, 'ur', 'pt-pt', 'Urdu'),
(3572, 'ur', 'pt-br', 'Urdu'),
(3573, 'ur', 'qu', 'Urdu'),
(3574, 'ur', 'ro', 'Urdu'),
(3575, 'ur', 'ru', 'Урду'),
(3576, 'ur', 'sl', 'Urdu'),
(3577, 'ur', 'so', 'Urdu'),
(3578, 'ur', 'sq', 'Urdu'),
(3579, 'ur', 'sr', 'Urdu'),
(3580, 'ur', 'sv', 'Urdu'),
(3581, 'ur', 'ta', 'Urdu'),
(3582, 'ur', 'th', 'อุรดู'),
(3583, 'ur', 'tr', 'Urduca'),
(3584, 'ur', 'uk', 'Urdu'),
(3585, 'ur', 'ur', 'Urdu'),
(3586, 'ur', 'uz', 'Urdu'),
(3587, 'ur', 'vi', 'Urdu'),
(3588, 'ur', 'yi', 'Urdu'),
(3589, 'ur', 'zh-hans', '乌尔都语'),
(3590, 'ur', 'zu', 'Urdu'),
(3591, 'ur', 'zh-hant', '烏爾都語'),
(3592, 'uz', 'en', 'Uzbek'),
(3593, 'uz', 'es', 'Uzbeko'),
(3594, 'uz', 'de', 'Usbekisch'),
(3595, 'uz', 'fr', 'Ouzbek'),
(3596, 'uz', 'ar', 'الاوزباكية'),
(3597, 'uz', 'bs', 'Uzbek'),
(3598, 'uz', 'bg', 'Uzbek'),
(3599, 'uz', 'ca', 'Uzbek'),
(3600, 'uz', 'cs', 'Uzbek') ;
INSERT INTO `wp_icl_languages_translations` ( `id`, `language_code`, `display_language_code`, `name`) VALUES
(3601, 'uz', 'sk', 'Uzbekčina'),
(3602, 'uz', 'cy', 'Uzbek'),
(3603, 'uz', 'da', 'Uzbek'),
(3604, 'uz', 'el', 'Ουζμπεκικα'),
(3605, 'uz', 'eo', 'Uzbek'),
(3606, 'uz', 'et', 'Uzbek'),
(3607, 'uz', 'eu', 'Uzbek'),
(3608, 'uz', 'fa', 'Uzbek'),
(3609, 'uz', 'fi', 'uzbekki'),
(3610, 'uz', 'ga', 'Uzbek'),
(3611, 'uz', 'he', 'Uzbek'),
(3612, 'uz', 'hi', 'Uzbek'),
(3613, 'uz', 'hr', 'Uzbek'),
(3614, 'uz', 'hu', 'üzbég'),
(3615, 'uz', 'hy', 'Uzbek'),
(3616, 'uz', 'id', 'Uzbek'),
(3617, 'uz', 'is', 'Uzbek'),
(3618, 'uz', 'it', 'Uzbeco'),
(3619, 'uz', 'ja', 'ウズベク語'),
(3620, 'uz', 'ko', '우즈베크어'),
(3621, 'uz', 'ku', 'Uzbek'),
(3622, 'uz', 'la', 'Uzbek'),
(3623, 'uz', 'lv', 'Uzbek'),
(3624, 'uz', 'lt', 'Uzbek'),
(3625, 'uz', 'mk', 'Uzbek'),
(3626, 'uz', 'mt', 'Uzbek'),
(3627, 'uz', 'mo', 'Uzbek'),
(3628, 'uz', 'mn', 'Uzbek'),
(3629, 'uz', 'ne', 'Uzbek'),
(3630, 'uz', 'nl', 'Oezbeeks'),
(3631, 'uz', 'nb', 'Uzbek'),
(3632, 'uz', 'pa', 'Uzbek'),
(3633, 'uz', 'pl', 'uzbecki'),
(3634, 'uz', 'pt-pt', 'Uzbeque'),
(3635, 'uz', 'pt-br', 'Uzbeque'),
(3636, 'uz', 'qu', 'Uzbek'),
(3637, 'uz', 'ro', 'Uzbecă'),
(3638, 'uz', 'ru', 'Узбекский'),
(3639, 'uz', 'sl', 'Uzbek'),
(3640, 'uz', 'so', 'Uzbek'),
(3641, 'uz', 'sq', 'Uzbek'),
(3642, 'uz', 'sr', 'Uzbek'),
(3643, 'uz', 'sv', 'Uzbekiska'),
(3644, 'uz', 'ta', 'Uzbek'),
(3645, 'uz', 'th', 'อุซเบก'),
(3646, 'uz', 'tr', 'Özbekçe'),
(3647, 'uz', 'uk', 'Uzbek'),
(3648, 'uz', 'ur', 'Uzbek'),
(3649, 'uz', 'uz', 'Uzbek'),
(3650, 'uz', 'vi', 'Uzbek'),
(3651, 'uz', 'yi', 'Uzbek'),
(3652, 'uz', 'zh-hans', '乌兹别克语'),
(3653, 'uz', 'zu', 'Uzbek'),
(3654, 'uz', 'zh-hant', '烏茲別克語'),
(3655, 'vi', 'en', 'Vietnamese'),
(3656, 'vi', 'es', 'Vietnamita'),
(3657, 'vi', 'de', 'Vietnamesisch'),
(3658, 'vi', 'fr', 'Vietnamien'),
(3659, 'vi', 'ar', 'الفيتنامية'),
(3660, 'vi', 'bs', 'Vietnamese'),
(3661, 'vi', 'bg', 'Vietnamese'),
(3662, 'vi', 'ca', 'Vietnamese'),
(3663, 'vi', 'cs', 'Vietnamese'),
(3664, 'vi', 'sk', 'Vietnamčina'),
(3665, 'vi', 'cy', 'Vietnamese'),
(3666, 'vi', 'da', 'Vietnamese'),
(3667, 'vi', 'el', 'Βιετναμεζικα'),
(3668, 'vi', 'eo', 'Vietnamese'),
(3669, 'vi', 'et', 'Vietnamese'),
(3670, 'vi', 'eu', 'Vietnamese'),
(3671, 'vi', 'fa', 'Vietnamese'),
(3672, 'vi', 'fi', 'vietnam'),
(3673, 'vi', 'ga', 'Vietnamese'),
(3674, 'vi', 'he', 'Vietnamese'),
(3675, 'vi', 'hi', 'Vietnamese'),
(3676, 'vi', 'hr', 'Vietnamese'),
(3677, 'vi', 'hu', 'vietnámi'),
(3678, 'vi', 'hy', 'Vietnamese'),
(3679, 'vi', 'id', 'Vietnamese'),
(3680, 'vi', 'is', 'Vietnamese'),
(3681, 'vi', 'it', 'Vietnamita'),
(3682, 'vi', 'ja', 'ベトナム語'),
(3683, 'vi', 'ko', '베트남어'),
(3684, 'vi', 'ku', 'Vietnamese'),
(3685, 'vi', 'la', 'Vietnamese'),
(3686, 'vi', 'lv', 'Vietnamese'),
(3687, 'vi', 'lt', 'Vietnamese'),
(3688, 'vi', 'mk', 'Vietnamese'),
(3689, 'vi', 'mt', 'Vietnamese'),
(3690, 'vi', 'mo', 'Vietnamese'),
(3691, 'vi', 'mn', 'Vietnamese'),
(3692, 'vi', 'ne', 'Vietnamese'),
(3693, 'vi', 'nl', 'Vietnamees'),
(3694, 'vi', 'nb', 'Vietnamese'),
(3695, 'vi', 'pa', 'Vietnamese'),
(3696, 'vi', 'pl', 'wietnamski'),
(3697, 'vi', 'pt-pt', 'Vietnamita'),
(3698, 'vi', 'pt-br', 'Vietnamita'),
(3699, 'vi', 'qu', 'Vietnamese'),
(3700, 'vi', 'ro', 'Vietnameză') ;
INSERT INTO `wp_icl_languages_translations` ( `id`, `language_code`, `display_language_code`, `name`) VALUES
(3701, 'vi', 'ru', 'Вьетнамский'),
(3702, 'vi', 'sl', 'Vietnamese'),
(3703, 'vi', 'so', 'Vietnamese'),
(3704, 'vi', 'sq', 'Vietnamese'),
(3705, 'vi', 'sr', 'Vietnamese'),
(3706, 'vi', 'sv', 'Vietnamesiska'),
(3707, 'vi', 'ta', 'Vietnamese'),
(3708, 'vi', 'th', 'เวียดนาม'),
(3709, 'vi', 'tr', 'Vietnamca'),
(3710, 'vi', 'uk', 'Vietnamese'),
(3711, 'vi', 'ur', 'Vietnamese'),
(3712, 'vi', 'uz', 'Vietnamese'),
(3713, 'vi', 'vi', 'Vietnamese'),
(3714, 'vi', 'yi', 'Vietnamese'),
(3715, 'vi', 'zh-hans', '越南语'),
(3716, 'vi', 'zu', 'Vietnamese'),
(3717, 'vi', 'zh-hant', '越南語'),
(3718, 'yi', 'en', 'Yiddish'),
(3719, 'yi', 'es', 'Yidis'),
(3720, 'yi', 'de', 'Jiddisch'),
(3721, 'yi', 'fr', 'Yiddish'),
(3722, 'yi', 'ar', 'اليديشية'),
(3723, 'yi', 'bs', 'Yiddish'),
(3724, 'yi', 'bg', 'Yiddish'),
(3725, 'yi', 'ca', 'Yiddish'),
(3726, 'yi', 'cs', 'Yiddish'),
(3727, 'yi', 'sk', 'Jidiš'),
(3728, 'yi', 'cy', 'Yiddish'),
(3729, 'yi', 'da', 'Yiddish'),
(3730, 'yi', 'el', 'Γιντις'),
(3731, 'yi', 'eo', 'Yiddish'),
(3732, 'yi', 'et', 'Yiddish'),
(3733, 'yi', 'eu', 'Yiddish'),
(3734, 'yi', 'fa', 'Yiddish'),
(3735, 'yi', 'fi', 'jiddi'),
(3736, 'yi', 'ga', 'Yiddish'),
(3737, 'yi', 'he', 'יידיש'),
(3738, 'yi', 'hi', 'Yiddish'),
(3739, 'yi', 'hr', 'Yiddish'),
(3740, 'yi', 'hu', 'jiddis'),
(3741, 'yi', 'hy', 'Yiddish'),
(3742, 'yi', 'id', 'Yiddish'),
(3743, 'yi', 'is', 'Yiddish'),
(3744, 'yi', 'it', 'Yiddish'),
(3745, 'yi', 'ja', 'イディッシュ語'),
(3746, 'yi', 'ko', '이디시어'),
(3747, 'yi', 'ku', 'Yiddish'),
(3748, 'yi', 'la', 'Yiddish'),
(3749, 'yi', 'lv', 'Yiddish'),
(3750, 'yi', 'lt', 'Yiddish'),
(3751, 'yi', 'mk', 'Yiddish'),
(3752, 'yi', 'mt', 'Yiddish'),
(3753, 'yi', 'mo', 'Yiddish'),
(3754, 'yi', 'mn', 'Yiddish'),
(3755, 'yi', 'ne', 'Yiddish'),
(3756, 'yi', 'nl', 'Jiddisch'),
(3757, 'yi', 'nb', 'Yiddish'),
(3758, 'yi', 'pa', 'Yiddish'),
(3759, 'yi', 'pl', 'jidysz'),
(3760, 'yi', 'pt-pt', 'Yiddish'),
(3761, 'yi', 'pt-br', 'Yiddish'),
(3762, 'yi', 'qu', 'Yiddish'),
(3763, 'yi', 'ro', 'Idiş'),
(3764, 'yi', 'ru', 'Идиш'),
(3765, 'yi', 'sl', 'Yiddish'),
(3766, 'yi', 'so', 'Yiddish'),
(3767, 'yi', 'sq', 'Yiddish'),
(3768, 'yi', 'sr', 'Yiddish'),
(3769, 'yi', 'sv', 'Jiddisch'),
(3770, 'yi', 'ta', 'Yiddish'),
(3771, 'yi', 'th', 'ยิชดิช'),
(3772, 'yi', 'tr', 'Eski İbranice'),
(3773, 'yi', 'uk', 'Yiddish'),
(3774, 'yi', 'ur', 'Yiddish'),
(3775, 'yi', 'uz', 'Yiddish'),
(3776, 'yi', 'vi', 'Yiddish'),
(3777, 'yi', 'yi', 'Yiddish'),
(3778, 'yi', 'zh-hans', '依地语'),
(3779, 'yi', 'zu', 'Yiddish'),
(3780, 'yi', 'zh-hant', '依地語'),
(3781, 'zh-hans', 'en', 'Chinese (Simplified)'),
(3782, 'zh-hans', 'es', 'Chino simplificado'),
(3783, 'zh-hans', 'de', 'Vereinfachtes Chinesisch'),
(3784, 'zh-hans', 'fr', 'Chinois simplifié'),
(3785, 'zh-hans', 'ar', 'الصينية المبسطة'),
(3786, 'zh-hans', 'bs', 'Chinese (Simplified)'),
(3787, 'zh-hans', 'bg', 'Chinese (Simplified)'),
(3788, 'zh-hans', 'ca', 'Chinese (Simplified)'),
(3789, 'zh-hans', 'cs', 'Chinese (Simplified)'),
(3790, 'zh-hans', 'sk', 'Zjednodušená Čínština'),
(3791, 'zh-hans', 'cy', 'Chinese (Simplified)'),
(3792, 'zh-hans', 'da', 'Chinese (Simplified)'),
(3793, 'zh-hans', 'el', 'Κινεζικα'),
(3794, 'zh-hans', 'eo', 'Chinese (Simplified)'),
(3795, 'zh-hans', 'et', 'Chinese (Simplified)'),
(3796, 'zh-hans', 'eu', 'Chinese (Simplified)'),
(3797, 'zh-hans', 'fa', 'Chinese (Simplified)'),
(3798, 'zh-hans', 'fi', 'kiina'),
(3799, 'zh-hans', 'ga', 'Chinese (Simplified)'),
(3800, 'zh-hans', 'he', 'סינית') ;
INSERT INTO `wp_icl_languages_translations` ( `id`, `language_code`, `display_language_code`, `name`) VALUES
(3801, 'zh-hans', 'hi', 'Chinese (Simplified)'),
(3802, 'zh-hans', 'hr', 'Chinese (Simplified)'),
(3803, 'zh-hans', 'hu', 'egyszerűsített kínai'),
(3804, 'zh-hans', 'hy', 'Chinese (Simplified)'),
(3805, 'zh-hans', 'id', 'Chinese (Simplified)'),
(3806, 'zh-hans', 'is', 'Chinese (Simplified)'),
(3807, 'zh-hans', 'it', 'Cinese semplificato'),
(3808, 'zh-hans', 'ja', '簡体中国語'),
(3809, 'zh-hans', 'ko', '중국어 간체'),
(3810, 'zh-hans', 'ku', 'Chinese (Simplified)'),
(3811, 'zh-hans', 'la', 'Chinese (Simplified)'),
(3812, 'zh-hans', 'lv', 'Chinese (Simplified)'),
(3813, 'zh-hans', 'lt', 'Chinese (Simplified)'),
(3814, 'zh-hans', 'mk', 'Chinese (Simplified)'),
(3815, 'zh-hans', 'mt', 'Chinese (Simplified)'),
(3816, 'zh-hans', 'mo', 'Chinese (Simplified)'),
(3817, 'zh-hans', 'mn', 'Chinese (Simplified)'),
(3818, 'zh-hans', 'ne', 'Chinese (Simplified)'),
(3819, 'zh-hans', 'nl', 'Vereenvoudigd Chinees'),
(3820, 'zh-hans', 'nb', 'Chinese (Simplified)'),
(3821, 'zh-hans', 'pa', 'Chinese (Simplified)'),
(3822, 'zh-hans', 'pl', 'chiński uproszczony'),
(3823, 'zh-hans', 'pt-pt', 'Chinês'),
(3824, 'zh-hans', 'pt-br', 'Chinês'),
(3825, 'zh-hans', 'qu', 'Chinese (Simplified)'),
(3826, 'zh-hans', 'ro', 'Chineza simplificată'),
(3827, 'zh-hans', 'ru', 'Упрощенный китайский'),
(3828, 'zh-hans', 'sl', 'Chinese (Simplified)'),
(3829, 'zh-hans', 'so', 'Chinese (Simplified)'),
(3830, 'zh-hans', 'sq', 'Chinese (Simplified)'),
(3831, 'zh-hans', 'sr', 'Chinese (Simplified)'),
(3832, 'zh-hans', 'sv', 'Förenklad kinesiska'),
(3833, 'zh-hans', 'ta', 'Chinese (Simplified)'),
(3834, 'zh-hans', 'th', 'จีนประยุกต์'),
(3835, 'zh-hans', 'tr', 'Modern Çince'),
(3836, 'zh-hans', 'uk', 'Chinese (Simplified)'),
(3837, 'zh-hans', 'ur', 'Chinese (Simplified)'),
(3838, 'zh-hans', 'uz', 'Chinese (Simplified)'),
(3839, 'zh-hans', 'vi', 'Chinese (Simplified)'),
(3840, 'zh-hans', 'yi', 'Chinese (Simplified)'),
(3841, 'zh-hans', 'zh-hans', '简体中文'),
(3842, 'zh-hans', 'zu', 'Chinese (Simplified)'),
(3843, 'zh-hans', 'zh-hant', '簡體中文'),
(3844, 'zu', 'en', 'Zulu'),
(3845, 'zu', 'es', 'Zulú'),
(3846, 'zu', 'de', 'Zulu'),
(3847, 'zu', 'fr', 'Zoulou'),
(3848, 'zu', 'ar', 'الزولو'),
(3849, 'zu', 'bs', 'Zulu'),
(3850, 'zu', 'bg', 'Zulu'),
(3851, 'zu', 'ca', 'Zulu'),
(3852, 'zu', 'cs', 'Zulu'),
(3853, 'zu', 'sk', 'Jazyk Zulu'),
(3854, 'zu', 'cy', 'Zulu'),
(3855, 'zu', 'da', 'Zulu'),
(3856, 'zu', 'el', 'Ζουλου'),
(3857, 'zu', 'eo', 'Zulu'),
(3858, 'zu', 'et', 'Zulu'),
(3859, 'zu', 'eu', 'Zulu'),
(3860, 'zu', 'fa', 'Zulu'),
(3861, 'zu', 'fi', 'zulu'),
(3862, 'zu', 'ga', 'Zulu'),
(3863, 'zu', 'he', 'Zulu'),
(3864, 'zu', 'hi', 'Zulu'),
(3865, 'zu', 'hr', 'Zulu'),
(3866, 'zu', 'hu', 'zulu'),
(3867, 'zu', 'hy', 'Zulu'),
(3868, 'zu', 'id', 'Zulu'),
(3869, 'zu', 'is', 'Zulu'),
(3870, 'zu', 'it', 'Zulu'),
(3871, 'zu', 'ja', 'ズールー語'),
(3872, 'zu', 'ko', '줄루어'),
(3873, 'zu', 'ku', 'Zulu'),
(3874, 'zu', 'la', 'Zulu'),
(3875, 'zu', 'lv', 'Zulu'),
(3876, 'zu', 'lt', 'Zulu'),
(3877, 'zu', 'mk', 'Zulu'),
(3878, 'zu', 'mt', 'Zulu'),
(3879, 'zu', 'mo', 'Zulu'),
(3880, 'zu', 'mn', 'Zulu'),
(3881, 'zu', 'ne', 'Zulu'),
(3882, 'zu', 'nl', 'Zulu'),
(3883, 'zu', 'nb', 'Zulu'),
(3884, 'zu', 'pa', 'Zulu'),
(3885, 'zu', 'pl', 'zuluski'),
(3886, 'zu', 'pt-pt', 'Zulu'),
(3887, 'zu', 'pt-br', 'Zulu'),
(3888, 'zu', 'qu', 'Zulu'),
(3889, 'zu', 'ro', 'Zulu'),
(3890, 'zu', 'ru', 'Зулу'),
(3891, 'zu', 'sl', 'Zulu'),
(3892, 'zu', 'so', 'Zulu'),
(3893, 'zu', 'sq', 'Zulu'),
(3894, 'zu', 'sr', 'Zulu'),
(3895, 'zu', 'sv', 'Zulu'),
(3896, 'zu', 'ta', 'Zulu'),
(3897, 'zu', 'th', 'ซูลู'),
(3898, 'zu', 'tr', 'Zulu dili'),
(3899, 'zu', 'uk', 'Zulu'),
(3900, 'zu', 'ur', 'Zulu') ;
INSERT INTO `wp_icl_languages_translations` ( `id`, `language_code`, `display_language_code`, `name`) VALUES
(3901, 'zu', 'uz', 'Zulu'),
(3902, 'zu', 'vi', 'Zulu'),
(3903, 'zu', 'yi', 'Zulu'),
(3904, 'zu', 'zh-hans', '祖鲁语'),
(3905, 'zu', 'zu', 'Zulu'),
(3906, 'zu', 'zh-hant', '祖魯語'),
(3907, 'zh-hant', 'en', 'Chinese'),
(3908, 'zh-hant', 'es', 'Chino tradicional'),
(3909, 'zh-hant', 'de', 'Traditionelles Chinesisch'),
(3910, 'zh-hant', 'fr', 'Chinois traditionnel'),
(3911, 'zh-hant', 'ar', 'الصينية التقليدية'),
(3912, 'zh-hant', 'bs', 'Chinese (Traditional)'),
(3913, 'zh-hant', 'bg', 'Chinese (Traditional)'),
(3914, 'zh-hant', 'ca', 'Chinese (Traditional)'),
(3915, 'zh-hant', 'cs', 'Chinese (Traditional)'),
(3916, 'zh-hant', 'sk', 'Tradičná Čínština'),
(3917, 'zh-hant', 'cy', 'Chinese (Traditional)'),
(3918, 'zh-hant', 'da', 'Chinese (Traditional)'),
(3919, 'zh-hant', 'el', 'Κινεζικα'),
(3920, 'zh-hant', 'eo', 'Chinese (Traditional)'),
(3921, 'zh-hant', 'et', 'Chinese (Traditional)'),
(3922, 'zh-hant', 'eu', 'Chinese (Traditional)'),
(3923, 'zh-hant', 'fa', 'Chinese (Traditional)'),
(3924, 'zh-hant', 'fi', 'perinteinen kiina'),
(3925, 'zh-hant', 'ga', 'Chinese (Traditional)'),
(3926, 'zh-hant', 'he', 'סינית מסורתית'),
(3927, 'zh-hant', 'hi', 'Chinese (Traditional)'),
(3928, 'zh-hant', 'hr', 'Chinese (Traditional)'),
(3929, 'zh-hant', 'hu', 'hagyományos kínai'),
(3930, 'zh-hant', 'hy', 'Chinese (Traditional)'),
(3931, 'zh-hant', 'id', 'Chinese (Traditional)'),
(3932, 'zh-hant', 'is', 'Chinese (Traditional)'),
(3933, 'zh-hant', 'it', 'Cinese tradizionale'),
(3934, 'zh-hant', 'ja', '繁体中国語'),
(3935, 'zh-hant', 'ko', '중국어 번체'),
(3936, 'zh-hant', 'ku', 'Chinese (Traditional)'),
(3937, 'zh-hant', 'la', 'Chinese (Traditional)'),
(3938, 'zh-hant', 'lv', 'Chinese (Traditional)'),
(3939, 'zh-hant', 'lt', 'Chinese (Traditional)'),
(3940, 'zh-hant', 'mk', 'Chinese (Traditional)'),
(3941, 'zh-hant', 'mt', 'Chinese (Traditional)'),
(3942, 'zh-hant', 'mo', 'Chinese (Traditional)'),
(3943, 'zh-hant', 'mn', 'Chinese (Traditional)'),
(3944, 'zh-hant', 'ne', 'Chinese (Traditional)'),
(3945, 'zh-hant', 'nl', 'Traditioneel Chinees'),
(3946, 'zh-hant', 'nb', 'Chinese (Traditional)'),
(3947, 'zh-hant', 'pa', 'Chinese (Traditional)'),
(3948, 'zh-hant', 'pl', 'chiński tradycyjny'),
(3949, 'zh-hant', 'pt-pt', 'Chinês'),
(3950, 'zh-hant', 'pt-br', 'Chinês'),
(3951, 'zh-hant', 'qu', 'Chinese (Traditional)'),
(3952, 'zh-hant', 'ro', 'Chineza tradiţională'),
(3953, 'zh-hant', 'ru', 'Традиционный китайский'),
(3954, 'zh-hant', 'sl', 'Chinese (Traditional)'),
(3955, 'zh-hant', 'so', 'Chinese (Traditional)'),
(3956, 'zh-hant', 'sq', 'Chinese (Traditional)'),
(3957, 'zh-hant', 'sr', 'Chinese (Traditional)'),
(3958, 'zh-hant', 'sv', 'Traditionell kinesiska'),
(3959, 'zh-hant', 'ta', 'Chinese (Traditional)'),
(3960, 'zh-hant', 'th', 'จีนดั้งเดิม'),
(3961, 'zh-hant', 'tr', 'Klasik Çince'),
(3962, 'zh-hant', 'uk', 'Chinese (Traditional)'),
(3963, 'zh-hant', 'ur', 'Chinese (Traditional)'),
(3964, 'zh-hant', 'uz', 'Chinese (Traditional)'),
(3965, 'zh-hant', 'vi', 'Chinese (Traditional)'),
(3966, 'zh-hant', 'yi', 'Chinese (Traditional)'),
(3967, 'zh-hant', 'zh-hans', '繁体中文'),
(3968, 'zh-hant', 'zu', 'Chinese (Traditional)'),
(3969, 'zh-hant', 'zh-hant', '繁體中文') ;

#
# End of data contents of table `wp_icl_languages_translations`
# --------------------------------------------------------



#
# Delete any existing table `wp_icl_locale_map`
#

DROP TABLE IF EXISTS `wp_icl_locale_map`;


#
# Table structure of table `wp_icl_locale_map`
#

CREATE TABLE `wp_icl_locale_map` (
  `code` varchar(8) NOT NULL,
  `locale` varchar(8) NOT NULL,
  UNIQUE KEY `code` (`code`,`locale`)
) ENGINE=MyISAM DEFAULT CHARSET=utf8;


#
# Data contents of table `wp_icl_locale_map`
#
INSERT INTO `wp_icl_locale_map` ( `code`, `locale`) VALUES
('en', 'en_US'),
('zh-hant', 'zh_TW') ;

#
# End of data contents of table `wp_icl_locale_map`
# --------------------------------------------------------



#
# Delete any existing table `wp_icl_message_status`
#

DROP TABLE IF EXISTS `wp_icl_message_status`;


#
# Table structure of table `wp_icl_message_status`
#

CREATE TABLE `wp_icl_message_status` (
  `id` bigint(20) unsigned NOT NULL AUTO_INCREMENT,
  `rid` bigint(20) unsigned NOT NULL,
  `object_id` bigint(20) unsigned NOT NULL,
  `from_language` varchar(10) NOT NULL,
  `to_language` varchar(10) NOT NULL,
  `timestamp` timestamp NOT NULL DEFAULT CURRENT_TIMESTAMP,
  `md5` varchar(32) NOT NULL,
  `object_type` varchar(64) NOT NULL,
  `status` smallint(6) NOT NULL,
  PRIMARY KEY (`id`),
  UNIQUE KEY `rid` (`rid`),
  KEY `object_id` (`object_id`)
) ENGINE=MyISAM DEFAULT CHARSET=utf8;


#
# Data contents of table `wp_icl_message_status`
#

#
# End of data contents of table `wp_icl_message_status`
# --------------------------------------------------------



#
# Delete any existing table `wp_icl_node`
#

DROP TABLE IF EXISTS `wp_icl_node`;


#
# Table structure of table `wp_icl_node`
#

CREATE TABLE `wp_icl_node` (
  `nid` bigint(20) NOT NULL,
  `md5` varchar(32) NOT NULL,
  `links_fixed` tinyint(4) NOT NULL DEFAULT '0',
  PRIMARY KEY (`nid`)
) ENGINE=MyISAM DEFAULT CHARSET=utf8;


#
# Data contents of table `wp_icl_node`
#

#
# End of data contents of table `wp_icl_node`
# --------------------------------------------------------



#
# Delete any existing table `wp_icl_reminders`
#

DROP TABLE IF EXISTS `wp_icl_reminders`;


#
# Table structure of table `wp_icl_reminders`
#

CREATE TABLE `wp_icl_reminders` (
  `id` bigint(20) NOT NULL,
  `message` text NOT NULL,
  `url` text NOT NULL,
  `can_delete` tinyint(4) NOT NULL,
  `show` tinyint(4) NOT NULL,
  PRIMARY KEY (`id`)
) ENGINE=MyISAM DEFAULT CHARSET=utf8;


#
# Data contents of table `wp_icl_reminders`
#

#
# End of data contents of table `wp_icl_reminders`
# --------------------------------------------------------



#
# Delete any existing table `wp_icl_string_positions`
#

DROP TABLE IF EXISTS `wp_icl_string_positions`;


#
# Table structure of table `wp_icl_string_positions`
#

CREATE TABLE `wp_icl_string_positions` (
  `id` bigint(20) unsigned NOT NULL AUTO_INCREMENT,
  `string_id` bigint(20) NOT NULL,
  `kind` tinyint(4) DEFAULT NULL,
  `position_in_page` varchar(255) NOT NULL,
  PRIMARY KEY (`id`),
  KEY `string_id` (`string_id`)
) ENGINE=MyISAM AUTO_INCREMENT=147 DEFAULT CHARSET=utf8;


#
# Data contents of table `wp_icl_string_positions`
#
INSERT INTO `wp_icl_string_positions` ( `id`, `string_id`, `kind`, `position_in_page`) VALUES
(139, 239, 0, '/home/madico/public_html/madico.com/public/wp-content/themes/madico.com/inc/page_details_meta.php::36'),
(140, 240, 0, '/home/madico/public_html/madico.com/public/wp-content/themes/madico.com/inc/team.inc.php::21'),
(141, 241, 0, '/home/madico/public_html/madico.com/public/wp-content/themes/madico.com/inc/team.inc.php::22'),
(142, 242, 0, '/home/madico/public_html/madico.com/public/wp-content/themes/madico.com/inc/team.inc.php::23'),
(143, 243, 0, '/home/madico/public_html/madico.com/public/wp-content/themes/madico.com/inc/team.inc.php::24'),
(144, 244, 0, '/home/madico/public_html/madico.com/public/wp-content/themes/madico.com/inc/team.inc.php::25'),
(145, 245, 0, '/home/madico/public_html/madico.com/public/wp-content/themes/madico.com/inc/team.inc.php::26'),
(146, 246, 0, '/home/madico/public_html/madico.com/public/wp-content/themes/madico.com/inc/team.inc.php::27') ;

#
# End of data contents of table `wp_icl_string_positions`
# --------------------------------------------------------



#
# Delete any existing table `wp_icl_string_status`
#

DROP TABLE IF EXISTS `wp_icl_string_status`;


#
# Table structure of table `wp_icl_string_status`
#

CREATE TABLE `wp_icl_string_status` (
  `id` bigint(20) unsigned NOT NULL AUTO_INCREMENT,
  `rid` bigint(20) NOT NULL,
  `string_translation_id` bigint(20) NOT NULL,
  `timestamp` timestamp NOT NULL DEFAULT CURRENT_TIMESTAMP,
  `md5` varchar(32) NOT NULL,
  PRIMARY KEY (`id`),
  KEY `string_translation_id` (`string_translation_id`)
) ENGINE=MyISAM DEFAULT CHARSET=utf8;


#
# Data contents of table `wp_icl_string_status`
#

#
# End of data contents of table `wp_icl_string_status`
# --------------------------------------------------------



#
# Delete any existing table `wp_icl_string_translations`
#

DROP TABLE IF EXISTS `wp_icl_string_translations`;


#
# Table structure of table `wp_icl_string_translations`
#

CREATE TABLE `wp_icl_string_translations` (
  `id` bigint(20) unsigned NOT NULL AUTO_INCREMENT,
  `string_id` bigint(20) unsigned NOT NULL,
  `language` varchar(10) NOT NULL,
  `status` tinyint(4) NOT NULL,
  `value` text,
  `translator_id` bigint(20) unsigned DEFAULT NULL,
  `translation_date` timestamp NOT NULL DEFAULT CURRENT_TIMESTAMP,
  PRIMARY KEY (`id`),
  UNIQUE KEY `string_language` (`string_id`,`language`)
) ENGINE=MyISAM AUTO_INCREMENT=7 DEFAULT CHARSET=utf8;


#
# Data contents of table `wp_icl_string_translations`
#
INSERT INTO `wp_icl_string_translations` ( `id`, `string_id`, `language`, `status`, `value`, `translator_id`, `translation_date`) VALUES
(1, 29, 'zh-hant', 1, '没有即将发生的事件。', NULL, '2012-01-26 09:11:27'),
(2, 28, 'zh-hant', 1, '有没有文章在您的语言。', NULL, '2012-01-26 09:11:53'),
(3, 217, 'zh-hant', 1, '更多', NULL, '2012-01-26 09:17:47'),
(4, 216, 'zh-hant', 1, '更多', NULL, '2012-01-26 09:17:54'),
(5, 218, 'zh-hant', 1, '首页', NULL, '2012-01-26 09:18:17'),
(6, 259, 'zh-hant', 1, '条款及条件 (PDF)', NULL, '2012-02-06 11:02:11') ;

#
# End of data contents of table `wp_icl_string_translations`
# --------------------------------------------------------



#
# Delete any existing table `wp_icl_strings`
#

DROP TABLE IF EXISTS `wp_icl_strings`;


#
# Table structure of table `wp_icl_strings`
#

CREATE TABLE `wp_icl_strings` (
  `id` bigint(20) unsigned NOT NULL AUTO_INCREMENT,
  `language` varchar(10) NOT NULL,
  `context` varchar(160) NOT NULL,
  `name` varchar(160) NOT NULL,
  `value` text NOT NULL,
  `status` tinyint(4) NOT NULL,
  PRIMARY KEY (`id`),
  UNIQUE KEY `context_name` (`context`,`name`)
) ENGINE=MyISAM AUTO_INCREMENT=285 DEFAULT CHARSET=utf8;


#
# Data contents of table `wp_icl_strings`
#
INSERT INTO `wp_icl_strings` ( `id`, `language`, `context`, `name`, `value`, `status`) VALUES
(1, 'en', 'WP', 'Blog Title', 'Madico Window Films &amp; Specialty Films', 0),
(2, 'en', 'WP', 'Tagline', 'Window Films &amp; Specialty Films that provide safety and energy solutions', 0),
(3, 'en', 'Widgets', 'widget title - 92ac2ca3eda745af97346a57ff719635', 'Find a Dealer Near You', 0),
(4, 'en', 'Widgets', 'widget title - 8e9a2f343c38efccf04ecdaba57ab8c8', 'Corporate Headquarters', 0),
(5, 'en', 'Widgets', 'widget body - 50dc3caf9a0b65991afb0e3a51ac75d2', '<p>Use our <a href="http://www.madico.com/window-film/dealer-locater/" >Dealer Locater</a> to find a Madico Dealer in your area.</p>\r\n', 0),
(6, 'en', 'Widgets', 'widget body - 54687fb86d544b78000edf197c3385b5', '<p>64 Industrial Parkway\r\nWoburn, MA 01801</p>\r\n<hr size="1" />\r\n<p>Phone <strong>800.456.4331</strong>\r\nFax <strong>781.935.6841</strong></p>\r\n<hr size="1" />\r\n<p><a href="http://www.madico.com/window-film/distribution/" ><img class="alignnone size-full wp-image-1080" title="search" src="http://www.madico.com/wp-content/uploads/2010/11/search.gif" alt="Find" width="10" height="10" /> Find a Window Film Distributor</a> \r\n<a href="http://www.madico.com/specialty-film/pv-backsheets/contact/" ><img class="alignnone size-full wp-image-1081" title="user" src="http://www.madico.com/wp-content/uploads/2010/11/user.gif" alt="Who\'s Who" width="10" height="10" /> Who\'s Who in Specialty Films</a></p>', 0),
(22, 'en', 'theme', '653720d173c1f5215ed2ca7408c45a03', 'Careers Job Listings', 0),
(23, 'en', 'theme', '99e732def3601275db892c84fb85a0c3', 'Career', 0),
(28, 'en', 'theme', '66241dc942fff6b0aea6d6af55de6052', 'There are no posts available in your language.', 1),
(29, 'en', 'theme', '993d520050a77ffd86f8cef73b95e3a0', 'There are no upcoming events.', 1),
(216, 'en', 'theme', 'db8374b5880ac0a00089e52c1db04b57', '(more...)', 1),
(217, 'en', 'theme', 'decbe415d8accca7c2c16d48a79ee934', 'Read More', 1),
(218, 'en', 'theme', '8cf04a9734132302f96da8e113e80ce5', 'Home', 1),
(239, 'en', 'theme', '20f83cd6641aff2e667d6a7b4ccc2d8a', 'Choose one&hellip;', 0),
(240, 'en', 'theme', '5f064aea4c1ba4e1da865954a24a699a', 'Add New Team Profile', 0),
(241, 'en', 'theme', '7d70b20a28dc8722653ac0f358320d53', 'Edit Team Profile', 0),
(242, 'en', 'theme', 'a46cfc2d99d81bb853666fa9e05649c2', 'New Team Profile', 0),
(243, 'en', 'theme', '8f3605609072a7e84eb48f6536374200', 'View Team Profile', 0),
(244, 'en', 'theme', 'a9f2c649250d5e427888cdd856c07b33', 'Search Team Profiles', 0),
(245, 'en', 'theme', 'c726806a225e845d3dd02630f34e8770', 'No profiles found', 0),
(246, 'en', 'theme', 'ae5db587cb2ac5fe28d93ceae57c9f82', 'No profiles found in Trash', 0),
(247, 'en', 'theme', 'ed4855de960c5e2d6b76f0ba81942a33', 'Add New Crisis', 0),
(248, 'en', 'theme', '5028e4bd0112ad7c76d0ae0b6b7c7e58', 'Edit Crisis', 0),
(249, 'en', 'theme', '6a7021e874d61777fda79c16b70f86ab', 'New Crisis', 0),
(250, 'en', 'theme', 'd9bc8ae53cd4ef5a13f1051ffd9554db', 'View Crisis', 0),
(251, 'en', 'theme', 'e62f15fe550bd056336f5c19f877434e', 'Search Crisis', 0),
(252, 'en', 'theme', '9076cbba1d9ef79280b4f39e2aa0d115', 'Nothing found', 0),
(253, 'en', 'theme', '54ce6b6f6c8ee6bf184f089a64ae20b7', 'Nothing found in Trash', 0),
(254, 'en', 'theme', '141144a06a22d70fd2f4ea139341b2b6', '<h3 class="author">%s</h3>', 0),
(255, 'en', 'theme', '5862ba6b9399ea36ab7d486f299754c8', '%1$s at %2$s', 0),
(256, 'en', 'theme', 'a4a149c62d8238973112920f8d30034b', '(Edit)', 0),
(257, 'en', 'theme', '6954378552054e698cfff1a52b0eca9d', 'Your comment is awaiting moderation.', 0),
(258, 'en', 'theme', 'e884c507c5198a4578a84498f7a323e2', 'LinkedIn', 0),
(259, 'en', 'theme', '558b3c94f725a9e8d44047e910c347cf', 'Terms & Conditions (PDF)', 1),
(260, 'en', 'theme', 'ef505a7192105ad880412dc3a7b48336', '<p class="lead-in">Your account has been activated. You may now <a href="%1$s">login</a> to the site using your chosen username of "%2$s".  Please check your email inbox at %3$s for your password and login instructions. If you do not receive an email, please check your junk or spam folder. If you still do not receive an email within an hour, you can <a href="%4$s">reset your password</a>.</p>', 0),
(261, 'en', 'theme', '110e93623dfe7dbfac4afe2427679fc8', '<p class="lead-in">Your blog at <a href="%1$s">%2$s</a> is active. You may now login to your blog using your chosen username of "%3$s".  Please check your email inbox at %4$s for your password and login instructions.  If you do not receive an email, please check your junk or spam folder.  If you still do not receive an email within an hour, you can <a href="%5$s">reset your password</a>.</p>', 0),
(262, 'en', 'theme', '974a4602d4b0df4feb0e83b68823f2bf', 'Your account is now activated. <a href="%1$s">View your site</a> or <a href="%2$s">Login</a>', 0),
(263, 'en', 'theme', '03179583c773527a94523311672fbb7c', 'Your account is now activated. <a href="%1$s">Login</a> or go back to the <a href="%2$s">homepage</a>.', 0),
(264, 'en', 'theme', '67633677a0d91c86b73aa46b343236f2', 'Activation Key Required', 0),
(265, 'en', 'theme', '421f73594244828323e72e6305b7152e', 'Activation Key:', 0),
(266, 'en', 'theme', 'e106b672736cd3f253591e81027322a4', 'Activate &raquo;', 0),
(267, 'en', 'theme', '5c025e83ab8ef4829fb671582fa70c02', 'Your account is now active!', 0),
(268, 'en', 'theme', '052d515cc8a0ece829a262fc77b576ae', 'An error occurred during the activation', 0),
(269, 'en', 'theme', 'cac81c648846c9b8c3e6085a45782c7e', 'Username:', 0),
(270, 'en', 'theme', 'b341a59d5636ed3d6a819137495b08a0', 'Password:', 0),
(271, 'en', 'Widgets', 'widget title - 45af670a10c84f4afc8c1b67a46ac0b6', 'Architectural Resources', 0),
(272, 'en', 'Widgets', 'widget title - 453aceb005ceaf54a47da15fee8b2a26', '', 0),
(273, 'en', 'Widgets', 'widget body - 8463e937cd3ec567125a399d31f9b53b', '', 0),
(274, 'en', 'Widgets', 'widget body - 2e10d6c58bad71447ff646e9ab66d216', 'Window Film Rebate Programs', 0),
(275, 'en', 'admin_texts_plugin_all-in-one-seo-pack', '[aioseop_options]aiosp_home_title', 'Window &amp; Specialty Films Providing Safety &amp; Energy Solutions | Madico', 0),
(276, 'en', 'admin_texts_plugin_all-in-one-seo-pack', '[aioseop_options]aiosp_post_title_format', '%post_title% | %blog_title%', 0),
(277, 'en', 'admin_texts_plugin_all-in-one-seo-pack', '[aioseop_options]aiosp_page_title_format', '%page_title% | %blog_title%', 0),
(278, 'en', 'admin_texts_plugin_all-in-one-seo-pack', '[aioseop_options]aiosp_category_title_format', '%category_title% | %blog_title%', 0),
(279, 'en', 'admin_texts_plugin_all-in-one-seo-pack', '[aioseop_options]aiosp_archive_title_format', '%date% | %blog_title%', 0),
(280, 'en', 'admin_texts_plugin_all-in-one-seo-pack', '[aioseop_options]aiosp_tag_title_format', '%tag% | %blog_title%', 0),
(281, 'en', 'admin_texts_plugin_all-in-one-seo-pack', '[aioseop_options]aiosp_search_title_format', '%search% | %blog_title%', 0),
(282, 'en', 'admin_texts_plugin_all-in-one-seo-pack', '[aioseop_options]aiosp_description_format', '%description%', 0),
(283, 'en', 'admin_texts_plugin_all-in-one-seo-pack', '[aioseop_options]aiosp_404_title_format', 'Nothing found for %request_words%', 0),
(284, 'en', 'admin_texts_plugin_all-in-one-seo-pack', '[aioseop_options]aiosp_paged_format', ' - Part %page%', 0) ;

#
# End of data contents of table `wp_icl_strings`
# --------------------------------------------------------

